date,slbfe_total_annual,slbfe_male_annual,slbfe_female_annual,slbfe_skilled_annual,slbfe_lowskilled_annual,male_skilled_pct_annual,male_lowskilled_pct_annual,female_skilled_pct_annual,female_lowskilled_pct_annual,avg_age_annual,avg_contract_years_annual,top1,top1_perc,top2,top2_perc,top3,top3_perc,top4,top4_perc,top5,top5_perc,remittances_annual_usd_mn,gdp_usd_bn_annual,inflation_rate_annual,unemployment_rate_annual,employment_ratio_annual,wage_all_workers_annual,central_bank_interest_rate_annual,poverty_rate_annual,CCPI_b2021,PPP_annual,dollar_rate_monthly,dest_gdp_growth_avg_annual,brent_oil_monthly
1/1/1994,60168,16377,43791,51344,8824,50.2,49.8,89.5,10.5,27.2,1.8,Colombo,17.5,Gampaha,14.6,Kurunegala,10.2,Kandy,8.5,Kalutara,7.9,715.1924438,11.71760421,8.448712487,13.03,49.608,712.4,17,65,14.1362,3260.468925,49.4595,5.599918725,14.29
2/1/1994,60168,16377,43791,51344,8824,50.2,49.8,89.5,10.5,27.2,1.8,Colombo,17.5,Gampaha,14.6,Kurunegala,10.2,Kandy,8.5,Kalutara,7.9,715.1924438,11.71760421,8.448712487,13.03,49.608,712.4,17,65,14.3073,3260.468925,49.1129,5.599918725,13.8
3/1/1994,60168,16377,43791,51344,8824,50.2,49.8,89.5,10.5,27.2,1.8,Colombo,17.5,Gampaha,14.6,Kurunegala,10.2,Kandy,8.5,Kalutara,7.9,715.1924438,11.71760421,8.448712487,13.03,49.608,712.4,17,65,14.3671,3260.468925,48.9308,5.599918725,13.82
4/1/1994,60168,16377,43791,51344,8824,50.2,49.8,89.5,10.5,27.2,1.8,Colombo,17.5,Gampaha,14.6,Kurunegala,10.2,Kandy,8.5,Kalutara,7.9,715.1924438,11.71760421,8.448712487,13.03,49.608,712.4,17,65,14.4793,3260.468925,48.9251,5.599918725,15.23
5/1/1994,60168,16377,43791,51344,8824,50.2,49.8,89.5,10.5,27.2,1.8,Colombo,17.5,Gampaha,14.6,Kurunegala,10.2,Kandy,8.5,Kalutara,7.9,715.1924438,11.71760421,8.448712487,13.03,49.608,712.4,17,65,14.1951,3260.468925,49.0667,5.599918725,16.19
6/1/1994,60168,16377,43791,51344,8824,50.2,49.8,89.5,10.5,27.2,1.8,Colombo,17.5,Gampaha,14.6,Kurunegala,10.2,Kandy,8.5,Kalutara,7.9,715.1924438,11.71760421,8.448712487,13.03,49.608,712.4,17,65,14.2264,3260.468925,49.2323,5.599918725,16.76
7/1/1994,60168,16377,43791,51344,8824,50.2,49.8,89.5,10.5,27.2,1.8,Colombo,17.5,Gampaha,14.6,Kurunegala,10.2,Kandy,8.5,Kalutara,7.9,715.1924438,11.71760421,8.448712487,13.03,49.608,712.4,17,65,13.817,3260.468925,49.01,5.599918725,17.6
8/1/1994,60168,16377,43791,51344,8824,50.2,49.8,89.5,10.5,27.2,1.8,Colombo,17.5,Gampaha,14.6,Kurunegala,10.2,Kandy,8.5,Kalutara,7.9,715.1924438,11.71760421,8.448712487,13.03,49.608,712.4,17,65,13.9881,3260.468925,49.2413,5.599918725,16.89
9/1/1994,60168,16377,43791,51344,8824,50.2,49.8,89.5,10.5,27.2,1.8,Colombo,17.5,Gampaha,14.6,Kurunegala,10.2,Kandy,8.5,Kalutara,7.9,715.1924438,11.71760421,8.448712487,13.03,49.608,712.4,17,65,13.4969,3260.468925,49.26,5.599918725,15.9
10/1/1994,60168,16377,43791,51344,8824,50.2,49.8,89.5,10.5,27.2,1.8,Colombo,17.5,Gampaha,14.6,Kurunegala,10.2,Kandy,8.5,Kalutara,7.9,715.1924438,11.71760421,8.448712487,13.03,49.608,712.4,17,65,13.3985,3260.468925,49.112,5.599918725,16.49
11/1/1994,60168,16377,43791,51344,8824,50.2,49.8,89.5,10.5,27.2,1.8,Colombo,17.5,Gampaha,14.6,Kurunegala,10.2,Kandy,8.5,Kalutara,7.9,715.1924438,11.71760421,8.448712487,13.03,49.608,712.4,17,65,13.8179,3260.468925,49.1628,5.599918725,17.19
12/1/1994,60168,16377,43791,51344,8824,50.2,49.8,89.5,10.5,27.2,1.8,Colombo,17.5,Gampaha,14.6,Kurunegala,10.2,Kandy,8.5,Kalutara,7.9,715.1924438,11.71760421,8.448712487,13.03,49.608,712.4,17,65,14.3662,3260.468925,49.5314,5.599918725,15.93
1/1/1995,172489,46021,126468,148992,23497,51,49,90.2,9.8,27.5,1.8,Colombo,17.2,Gampaha,14.3,Kurunegala,10.6,Kandy,8.7,Kalutara,7.8,800.969018,13.02969756,7.674848734,12.27,48.146,740.3,17,64.2,14.4784,3454.275012,49.87,5.500085234,16.55
2/1/1995,172489,46021,126468,148992,23497,51,49,90.2,9.8,27.5,1.8,Colombo,17.2,Gampaha,14.3,Kurunegala,10.6,Kandy,8.7,Kalutara,7.8,800.969018,13.02969756,7.674848734,12.27,48.146,740.3,17,64.2,14.4563,3454.275012,49.8953,5.500085234,17.11
3/1/1995,172489,46021,126468,148992,23497,51,49,90.2,9.8,27.5,1.8,Colombo,17.2,Gampaha,14.3,Kurunegala,10.6,Kandy,8.7,Kalutara,7.8,800.969018,13.02969756,7.674848734,12.27,48.146,740.3,17,64.2,14.2392,3454.275012,49.627,5.500085234,17.01
4/1/1995,172489,46021,126468,148992,23497,51,49,90.2,9.8,27.5,1.8,Colombo,17.2,Gampaha,14.3,Kurunegala,10.6,Kandy,8.7,Kalutara,7.8,800.969018,13.02969756,7.674848734,12.27,48.146,740.3,17,64.2,14.5814,3454.275012,49.3705,5.500085234,18.65
5/1/1995,172489,46021,126468,148992,23497,51,49,90.2,9.8,27.5,1.8,Colombo,17.2,Gampaha,14.3,Kurunegala,10.6,Kandy,8.7,Kalutara,7.8,800.969018,13.02969756,7.674848734,12.27,48.146,740.3,17,64.2,15.3394,3454.275012,49.5582,5.500085234,18.35
6/1/1995,172489,46021,126468,148992,23497,51,49,90.2,9.8,27.5,1.8,Colombo,17.2,Gampaha,14.3,Kurunegala,10.6,Kandy,8.7,Kalutara,7.8,800.969018,13.02969756,7.674848734,12.27,48.146,740.3,17,64.2,15.6512,3454.275012,50.21,5.500085234,17.31
7/1/1995,172489,46021,126468,148992,23497,51,49,90.2,9.8,27.5,1.8,Colombo,17.2,Gampaha,14.3,Kurunegala,10.6,Kandy,8.7,Kalutara,7.8,800.969018,13.02969756,7.674848734,12.27,48.146,740.3,17,64.2,15.6015,3454.275012,50.8985,5.500085234,15.85
8/1/1995,172489,46021,126468,148992,23497,51,49,90.2,9.8,27.5,1.8,Colombo,17.2,Gampaha,14.3,Kurunegala,10.6,Kandy,8.7,Kalutara,7.8,800.969018,13.02969756,7.674848734,12.27,48.146,740.3,17,64.2,15.1885,3454.275012,51.2265,5.500085234,16.1
9/1/1995,172489,46021,126468,148992,23497,51,49,90.2,9.8,27.5,1.8,Colombo,17.2,Gampaha,14.3,Kurunegala,10.6,Kandy,8.7,Kalutara,7.8,800.969018,13.02969756,7.674848734,12.27,48.146,740.3,17,64.2,14.9411,3454.275012,52.5465,5.500085234,16.7
10/1/1995,172489,46021,126468,148992,23497,51,49,90.2,9.8,27.5,1.8,Colombo,17.2,Gampaha,14.3,Kurunegala,10.6,Kandy,8.7,Kalutara,7.8,800.969018,13.02969756,7.674848734,12.27,48.146,740.3,17,64.2,15.2134,3454.275012,52.5386,5.500085234,16.11
11/1/1995,172489,46021,126468,148992,23497,51,49,90.2,9.8,27.5,1.8,Colombo,17.2,Gampaha,14.3,Kurunegala,10.6,Kandy,8.7,Kalutara,7.8,800.969018,13.02969756,7.674848734,12.27,48.146,740.3,17,64.2,15.8251,3454.275012,53.1986,5.500085234,16.86
12/1/1995,172489,46021,126468,148992,23497,51,49,90.2,9.8,27.5,1.8,Colombo,17.2,Gampaha,14.3,Kurunegala,10.6,Kandy,8.7,Kalutara,7.8,800.969018,13.02969756,7.674848734,12.27,48.146,740.3,17,64.2,16.0201,3454.275012,53.8075,5.500085234,17.93
1/1/1996,162576,43112,119464,140647,21929,52.3,47.7,91,9,27.8,1.9,Colombo,16.9,Gampaha,14,Kurunegala,10.9,Kandy,8.8,Kalutara,7.7,843.1730164,13.89773838,15.93583104,11.35,49.112,801.7,17,63.5,16.0955,3581.652766,53.8738,3.799967206,17.85
2/1/1996,162576,43112,119464,140647,21929,52.3,47.7,91,9,27.8,1.9,Colombo,16.9,Gampaha,14,Kurunegala,10.9,Kandy,8.8,Kalutara,7.7,843.1730164,13.89773838,15.93583104,11.35,49.112,801.7,17,63.5,16.1682,3581.652766,53.716,3.799967206,18
3/1/1996,162576,43112,119464,140647,21929,52.3,47.7,91,9,27.8,1.9,Colombo,16.9,Gampaha,14,Kurunegala,10.9,Kandy,8.8,Kalutara,7.7,843.1730164,13.89773838,15.93583104,11.35,49.112,801.7,17,63.5,16.1783,3581.652766,53.7476,3.799967206,19.85
4/1/1996,162576,43112,119464,140647,21929,52.3,47.7,91,9,27.8,1.9,Colombo,16.9,Gampaha,14,Kurunegala,10.9,Kandy,8.8,Kalutara,7.7,843.1730164,13.89773838,15.93583104,11.35,49.112,801.7,17,63.5,16.6649,3581.652766,54.1632,3.799967206,20.9
5/1/1996,162576,43112,119464,140647,21929,52.3,47.7,91,9,27.8,1.9,Colombo,16.9,Gampaha,14,Kurunegala,10.9,Kandy,8.8,Kalutara,7.7,843.1730164,13.89773838,15.93583104,11.35,49.112,801.7,17,63.5,17.4633,3581.652766,54.8677,3.799967206,19.15
6/1/1996,162576,43112,119464,140647,21929,52.3,47.7,91,9,27.8,1.9,Colombo,16.9,Gampaha,14,Kurunegala,10.9,Kandy,8.8,Kalutara,7.7,843.1730164,13.89773838,15.93583104,11.35,49.112,801.7,17,63.5,18.2111,3581.652766,55.5285,3.799967206,18.46
7/1/1996,162576,43112,119464,140647,21929,52.3,47.7,91,9,27.8,1.9,Colombo,16.9,Gampaha,14,Kurunegala,10.9,Kandy,8.8,Kalutara,7.7,843.1730164,13.89773838,15.93583104,11.35,49.112,801.7,17,63.5,18.0364,3581.652766,55.2932,3.799967206,19.57
8/1/1996,162576,43112,119464,140647,21929,52.3,47.7,91,9,27.8,1.9,Colombo,16.9,Gampaha,14,Kurunegala,10.9,Kandy,8.8,Kalutara,7.7,843.1730164,13.89773838,15.93583104,11.35,49.112,801.7,17,63.5,18.098,3581.652766,55.6027,3.799967206,20.51
9/1/1996,162576,43112,119464,140647,21929,52.3,47.7,91,9,27.8,1.9,Colombo,16.9,Gampaha,14,Kurunegala,10.9,Kandy,8.8,Kalutara,7.7,843.1730164,13.89773838,15.93583104,11.35,49.112,801.7,17,63.5,18.1596,3581.652766,56.05,3.799967206,22.63
10/1/1996,162576,43112,119464,140647,21929,52.3,47.7,91,9,27.8,1.9,Colombo,16.9,Gampaha,14,Kurunegala,10.9,Kandy,8.8,Kalutara,7.7,843.1730164,13.89773838,15.93583104,11.35,49.112,801.7,17,63.5,18.2378,3581.652766,57.0155,3.799967206,24.16
11/1/1996,162576,43112,119464,140647,21929,52.3,47.7,91,9,27.8,1.9,Colombo,16.9,Gampaha,14,Kurunegala,10.9,Kandy,8.8,Kalutara,7.7,843.1730164,13.89773838,15.93583104,11.35,49.112,801.7,17,63.5,18.4402,3581.652766,56.9874,3.799967206,22.76
12/1/1996,162576,43112,119464,140647,21929,52.3,47.7,91,9,27.8,1.9,Colombo,16.9,Gampaha,14,Kurunegala,10.9,Kandy,8.8,Kalutara,7.7,843.1730164,13.89773838,15.93583104,11.35,49.112,801.7,17,63.5,18.7115,3581.652766,56.7295,3.799967206,23.78
1/1/1997,150283,37552,112731,129718,20565,53.4,46.6,91.6,8.4,28,1.9,Colombo,16.7,Gampaha,13.8,Kurunegala,11.2,Kandy,9,Kalutara,7.6,933.7312562,15.09191388,9.573696264,10.6,49.385,849.1,17,62.8,18.7897,3803.883596,57.2776,6.405399696,23.54
2/1/1997,150283,37552,112731,129718,20565,53.4,46.6,91.6,8.4,28,1.9,Colombo,16.7,Gampaha,13.8,Kurunegala,11.2,Kandy,9,Kalutara,7.6,933.7312562,15.09191388,9.573696264,10.6,49.385,849.1,17,62.8,18.6849,3803.883596,57.7721,6.405399696,20.85
3/1/1997,150283,37552,112731,129718,20565,53.4,46.6,91.6,8.4,28,1.9,Colombo,16.7,Gampaha,13.8,Kurunegala,11.2,Kandy,9,Kalutara,7.6,933.7312562,15.09191388,9.573696264,10.6,49.385,849.1,17,62.8,18.4853,3803.883596,57.8729,6.405399696,19.13
4/1/1997,150283,37552,112731,129718,20565,53.4,46.6,91.6,8.4,28,1.9,Colombo,16.7,Gampaha,13.8,Kurunegala,11.2,Kandy,9,Kalutara,7.6,933.7312562,15.09191388,9.573696264,10.6,49.385,849.1,17,62.8,18.5441,3803.883596,58.8255,6.405399696,17.56
5/1/1997,150283,37552,112731,129718,20565,53.4,46.6,91.6,8.4,28,1.9,Colombo,16.7,Gampaha,13.8,Kurunegala,11.2,Kandy,9,Kalutara,7.6,933.7312562,15.09191388,9.573696264,10.6,49.385,849.1,17,62.8,18.833,3803.883596,58.8619,6.405399696,19.02
6/1/1997,150283,37552,112731,129718,20565,53.4,46.6,91.6,8.4,28,1.9,Colombo,16.7,Gampaha,13.8,Kurunegala,11.2,Kandy,9,Kalutara,7.6,933.7312562,15.09191388,9.573696264,10.6,49.385,849.1,17,62.8,18.9305,3803.883596,58.531,6.405399696,17.58
7/1/1997,150283,37552,112731,129718,20565,53.4,46.6,91.6,8.4,28,1.9,Colombo,16.7,Gampaha,13.8,Kurunegala,11.2,Kandy,9,Kalutara,7.6,933.7312562,15.09191388,9.573696264,10.6,49.385,849.1,17,62.8,19.337,3803.883596,58.7323,6.405399696,18.46
8/1/1997,150283,37552,112731,129718,20565,53.4,46.6,91.6,8.4,28,1.9,Colombo,16.7,Gampaha,13.8,Kurunegala,11.2,Kandy,9,Kalutara,7.6,933.7312562,15.09191388,9.573696264,10.6,49.385,849.1,17,62.8,19.3757,3803.883596,59.1886,6.405399696,18.6
9/1/1997,150283,37552,112731,129718,20565,53.4,46.6,91.6,8.4,28,1.9,Colombo,16.7,Gampaha,13.8,Kurunegala,11.2,Kandy,9,Kalutara,7.6,933.7312562,15.09191388,9.573696264,10.6,49.385,849.1,17,62.8,19.4005,3803.883596,59.7129,6.405399696,18.46
10/1/1997,150283,37552,112731,129718,20565,53.4,46.6,91.6,8.4,28,1.9,Colombo,16.7,Gampaha,13.8,Kurunegala,11.2,Kandy,9,Kalutara,7.6,933.7312562,15.09191388,9.573696264,10.6,49.385,849.1,17,62.8,19.4318,3803.883596,59.7232,6.405399696,19.87
11/1/1997,150283,37552,112731,129718,20565,53.4,46.6,91.6,8.4,28,1.9,Colombo,16.7,Gampaha,13.8,Kurunegala,11.2,Kandy,9,Kalutara,7.6,933.7312562,15.09191388,9.573696264,10.6,49.385,849.1,17,62.8,20.0655,3803.883596,60.1322,6.405399696,19.17
12/1/1997,150283,37552,112731,129718,20565,53.4,46.6,91.6,8.4,28,1.9,Colombo,16.7,Gampaha,13.8,Kurunegala,11.2,Kandy,9,Kalutara,7.6,933.7312562,15.09191388,9.573696264,10.6,49.385,849.1,17,62.8,20.7214,3803.883596,61.5914,6.405399696,17.18
1/1/1998,159816,53867,105949,125512,34304,54.6,45.4,92.1,7.9,28.2,1.9,Colombo,16.5,Gampaha,13.6,Kurunegala,11.5,Kandy,9.1,Kalutara,7.5,1013.33709,15.76073696,9.364243007,9.17,53.426,953.3,17,61.9,21.2659,3952.041044,62.2805,4.698423048,15.19
2/1/1998,159816,53867,105949,125512,34304,54.6,45.4,92.1,7.9,28.2,1.9,Colombo,16.5,Gampaha,13.6,Kurunegala,11.5,Kandy,9.1,Kalutara,7.5,1013.33709,15.76073696,9.364243007,9.17,53.426,953.3,17,61.9,20.9486,3952.041044,62.3632,4.698423048,14.07
3/1/1998,159816,53867,105949,125512,34304,54.6,45.4,92.1,7.9,28.2,1.9,Colombo,16.5,Gampaha,13.6,Kurunegala,11.5,Kandy,9.1,Kalutara,7.5,1013.33709,15.76073696,9.364243007,9.17,53.426,953.3,17,61.9,20.5935,3952.041044,62.0834,4.698423048,13.1
4/1/1998,159816,53867,105949,125512,34304,54.6,45.4,92.1,7.9,28.2,1.9,Colombo,16.5,Gampaha,13.6,Kurunegala,11.5,Kandy,9.1,Kalutara,7.5,1013.33709,15.76073696,9.364243007,9.17,53.426,953.3,17,61.9,20.4592,3952.041044,62.9032,4.698423048,13.53
5/1/1998,159816,53867,105949,125512,34304,54.6,45.4,92.1,7.9,28.2,1.9,Colombo,16.5,Gampaha,13.6,Kurunegala,11.5,Kandy,9.1,Kalutara,7.5,1013.33709,15.76073696,9.364243007,9.17,53.426,953.3,17,61.9,21.1179,3952.041044,64.2605,4.698423048,14.36
6/1/1998,159816,53867,105949,125512,34304,54.6,45.4,92.1,7.9,28.2,1.9,Colombo,16.5,Gampaha,13.6,Kurunegala,11.5,Kandy,9.1,Kalutara,7.5,1013.33709,15.76073696,9.364243007,9.17,53.426,953.3,17,61.9,21.5934,3952.041044,65.1495,4.698423048,12.21
7/1/1998,159816,53867,105949,125512,34304,54.6,45.4,92.1,7.9,28.2,1.9,Colombo,16.5,Gampaha,13.6,Kurunegala,11.5,Kandy,9.1,Kalutara,7.5,1013.33709,15.76073696,9.364243007,9.17,53.426,953.3,17,61.9,21.3754,3952.041044,65.9084,4.698423048,12.08
8/1/1998,159816,53867,105949,125512,34304,54.6,45.4,92.1,7.9,28.2,1.9,Colombo,16.5,Gampaha,13.6,Kurunegala,11.5,Kandy,9.1,Kalutara,7.5,1013.33709,15.76073696,9.364243007,9.17,53.426,953.3,17,61.9,20.6956,3952.041044,66.6424,4.698423048,11.91
9/1/1998,159816,53867,105949,125512,34304,54.6,45.4,92.1,7.9,28.2,1.9,Colombo,16.5,Gampaha,13.6,Kurunegala,11.5,Kandy,9.1,Kalutara,7.5,1013.33709,15.76073696,9.364243007,9.17,53.426,953.3,17,61.9,20.5347,3952.041044,66.26,4.698423048,13.34
10/1/1998,159816,53867,105949,125512,34304,54.6,45.4,92.1,7.9,28.2,1.9,Colombo,16.5,Gampaha,13.6,Kurunegala,11.5,Kandy,9.1,Kalutara,7.5,1013.33709,15.76073696,9.364243007,9.17,53.426,953.3,17,61.9,20.898,3952.041044,66.3452,4.698423048,12.7
11/1/1998,159816,53867,105949,125512,34304,54.6,45.4,92.1,7.9,28.2,1.9,Colombo,16.5,Gampaha,13.6,Kurunegala,11.5,Kandy,9.1,Kalutara,7.5,1013.33709,15.76073696,9.364243007,9.17,53.426,953.3,17,61.9,21.2301,3952.041044,67.5784,4.698423048,11.04
12/1/1998,159816,53867,105949,125512,34304,54.6,45.4,92.1,7.9,28.2,1.9,Colombo,16.5,Gampaha,13.6,Kurunegala,11.5,Kandy,9.1,Kalutara,7.5,1013.33709,15.76073696,9.364243007,9.17,53.426,953.3,17,61.9,21.4932,3952.041044,68.1173,4.698423048,9.82
1/1/1999,179735,63720,116015,135964,43771,55.4,44.6,92.7,7.3,28.3,2,Colombo,16.3,Gampaha,13.5,Kurunegala,11.7,Kandy,9.1,Kalutara,7.5,1064.301778,15.71193351,4.69170563,8.88,52.221,977.6,16,60.5,22.0782,4103.380451,68.6295,4.300540498,11.11
2/1/1999,179735,63720,116015,135964,43771,55.4,44.6,92.7,7.3,28.3,2,Colombo,16.3,Gampaha,13.5,Kurunegala,11.7,Kandy,9.1,Kalutara,7.5,1064.301778,15.71193351,4.69170563,8.88,52.221,977.6,16,60.5,21.9963,4103.380451,69.0695,4.300540498,10.27
3/1/1999,179735,63720,116015,135964,43771,55.4,44.6,92.7,7.3,28.3,2,Colombo,16.3,Gampaha,13.5,Kurunegala,11.7,Kandy,9.1,Kalutara,7.5,1064.301778,15.71193351,4.69170563,8.88,52.221,977.6,16,60.5,21.6293,4103.380451,69.5696,4.300540498,12.51
4/1/1999,179735,63720,116015,135964,43771,55.4,44.6,92.7,7.3,28.3,2,Colombo,16.3,Gampaha,13.5,Kurunegala,11.7,Kandy,9.1,Kalutara,7.5,1064.301778,15.71193351,4.69170563,8.88,52.221,977.6,16,60.5,22.0441,4103.380451,69.5877,4.300540498,15.29
5/1/1999,179735,63720,116015,135964,43771,55.4,44.6,92.7,7.3,28.3,2,Colombo,16.3,Gampaha,13.5,Kurunegala,11.7,Kandy,9.1,Kalutara,7.5,1064.301778,15.71193351,4.69170563,8.88,52.221,977.6,16,60.5,22.5096,4103.380451,70.581,4.300540498,15.23
6/1/1999,179735,63720,116015,135964,43771,55.4,44.6,92.7,7.3,28.3,2,Colombo,16.3,Gampaha,13.5,Kurunegala,11.7,Kandy,9.1,Kalutara,7.5,1064.301778,15.71193351,4.69170563,8.88,52.221,977.6,16,60.5,22.3339,4103.380451,71.2114,4.300540498,15.86
7/1/1999,179735,63720,116015,135964,43771,55.4,44.6,92.7,7.3,28.3,2,Colombo,16.3,Gampaha,13.5,Kurunegala,11.7,Kandy,9.1,Kalutara,7.5,1064.301778,15.71193351,4.69170563,8.88,52.221,977.6,16,60.5,21.7084,4103.380451,71.9124,4.300540498,19.08
8/1/1999,179735,63720,116015,135964,43771,55.4,44.6,92.7,7.3,28.3,2,Colombo,16.3,Gampaha,13.5,Kurunegala,11.7,Kandy,9.1,Kalutara,7.5,1064.301778,15.71193351,4.69170563,8.88,52.221,977.6,16,60.5,21.6734,4103.380451,71.8676,4.300540498,20.22
9/1/1999,179735,63720,116015,135964,43771,55.4,44.6,92.7,7.3,28.3,2,Colombo,16.3,Gampaha,13.5,Kurunegala,11.7,Kandy,9.1,Kalutara,7.5,1064.301778,15.71193351,4.69170563,8.88,52.221,977.6,16,60.5,21.6477,4103.380451,71.9419,4.300540498,22.54
10/1/1999,179735,63720,116015,135964,43771,55.4,44.6,92.7,7.3,28.3,2,Colombo,16.3,Gampaha,13.5,Kurunegala,11.7,Kandy,9.1,Kalutara,7.5,1064.301778,15.71193351,4.69170563,8.88,52.221,977.6,16,60.5,21.9503,4103.380451,71.747,4.300540498,22
11/1/1999,179735,63720,116015,135964,43771,55.4,44.6,92.7,7.3,28.3,2,Colombo,16.3,Gampaha,13.5,Kurunegala,11.7,Kandy,9.1,Kalutara,7.5,1064.301778,15.71193351,4.69170563,8.88,52.221,977.6,16,60.5,22.1214,4103.380451,72.04,4.300540498,24.58
12/1/1999,179735,63720,116015,135964,43771,55.4,44.6,92.7,7.3,28.3,2,Colombo,16.3,Gampaha,13.5,Kurunegala,11.7,Kandy,9.1,Kalutara,7.5,1064.301778,15.71193351,4.69170563,8.88,52.221,977.6,16,60.5,22.3495,4103.380451,72.0178,4.300540498,25.47
1/1/2000,182188,59793,122395,146429,35759,55.9,44.1,92.33,7.67,28.4,2,Colombo,16.2,Gampaha,13.4,Kurunegala,11.8,Kandy,9.1,Kalutara,7.5,1154.285559,16.59588282,6.17627591,7.74,51.269,1000.4,17.6667,58.2,22.1508,4367.80359,73.14,6.000033158,25.51
2/1/2000,182188,59793,122395,146429,35759,55.9,44.1,92.33,7.67,28.4,2,Colombo,16.2,Gampaha,13.4,Kurunegala,11.8,Kandy,9.1,Kalutara,7.5,1154.285559,16.59588282,6.17627591,7.74,51.269,1000.4,17.6667,58.2,22.4231,4367.80359,73.552,6.000033158,27.78
3/1/2000,182188,59793,122395,146429,35759,55.9,44.1,92.33,7.67,28.4,2,Colombo,16.2,Gampaha,13.4,Kurunegala,11.8,Kandy,9.1,Kalutara,7.5,1154.285559,16.59588282,6.17627591,7.74,51.269,1000.4,17.6667,58.2,22.596,4367.80359,73.8096,6.000033158,27.49
4/1/2000,182188,59793,122395,146429,35759,55.9,44.1,92.33,7.67,28.4,2,Colombo,16.2,Gampaha,13.4,Kurunegala,11.8,Kandy,9.1,Kalutara,7.5,1154.285559,16.59588282,6.17627591,7.74,51.269,1000.4,17.6667,58.2,22.8536,4367.80359,74.1225,6.000033158,22.76
5/1/2000,182188,59793,122395,146429,35759,55.9,44.1,92.33,7.67,28.4,2,Colombo,16.2,Gampaha,13.4,Kurunegala,11.8,Kandy,9.1,Kalutara,7.5,1154.285559,16.59588282,6.17627591,7.74,51.269,1000.4,17.6667,58.2,23.0459,4367.80359,74.8668,6.000033158,27.74
6/1/2000,182188,59793,122395,146429,35759,55.9,44.1,92.33,7.67,28.4,2,Colombo,16.2,Gampaha,13.4,Kurunegala,11.8,Kandy,9.1,Kalutara,7.5,1154.285559,16.59588282,6.17627591,7.74,51.269,1000.4,17.6667,58.2,23.8526,4367.80359,76.7359,6.000033158,29.8
7/1/2000,182188,59793,122395,146429,35759,55.9,44.1,92.33,7.67,28.4,2,Colombo,16.2,Gampaha,13.4,Kurunegala,11.8,Kandy,9.1,Kalutara,7.5,1154.285559,16.59588282,6.17627591,7.74,51.269,1000.4,17.6667,58.2,23.9096,4367.80359,78.8515,6.000033158,28.68
8/1/2000,182188,59793,122395,146429,35759,55.9,44.1,92.33,7.67,28.4,2,Colombo,16.2,Gampaha,13.4,Kurunegala,11.8,Kandy,9.1,Kalutara,7.5,1154.285559,16.59588282,6.17627591,7.74,51.269,1000.4,17.6667,58.2,23.8139,4367.80359,78.2826,6.000033158,30.2
9/1/2000,182188,59793,122395,146429,35759,55.9,44.1,92.33,7.67,28.4,2,Colombo,16.2,Gampaha,13.4,Kurunegala,11.8,Kandy,9.1,Kalutara,7.5,1154.285559,16.59588282,6.17627591,7.74,51.269,1000.4,17.6667,58.2,23.4782,4367.80359,78.731,6.000033158,33.14
10/1/2000,182188,59793,122395,146429,35759,55.9,44.1,92.33,7.67,28.4,2,Colombo,16.2,Gampaha,13.4,Kurunegala,11.8,Kandy,9.1,Kalutara,7.5,1154.285559,16.59588282,6.17627591,7.74,51.269,1000.4,17.6667,58.2,23.6612,4367.80359,79.291,6.000033158,30.96
11/1/2000,182188,59793,122395,146429,35759,55.9,44.1,92.33,7.67,28.4,2,Colombo,16.2,Gampaha,13.4,Kurunegala,11.8,Kandy,9.1,Kalutara,7.5,1154.285559,16.59588282,6.17627591,7.74,51.269,1000.4,17.6667,58.2,23.7937,4367.80359,80.3805,6.000033158,32.55
12/1/2000,182188,59793,122395,146429,35759,55.9,44.1,92.33,7.67,28.4,2,Colombo,16.2,Gampaha,13.4,Kurunegala,11.8,Kandy,9.1,Kalutara,7.5,1154.285559,16.59588282,6.17627591,7.74,51.269,1000.4,17.6667,58.2,24.7715,4367.80359,82.03,6.000033158,25.66
1/1/2001,184007,59807,124200,150622,33385,57.22,42.78,93.72,6.28,28.6,2,Colombo,15.8,Gampaha,13.1,Kurunegala,12.2,Kandy,8.9,Kalutara,7.2,1169.81,15.7497538,14.1584558,7.9,50.971,1049.3,23.5833,57.4,25.7327,4328.191411,85.8333,-1.545408134,25.62
2/1/2001,184007,59807,124200,150622,33385,57.22,42.78,93.72,6.28,28.6,2,Colombo,15.8,Gampaha,13.1,Kurunegala,12.2,Kandy,8.9,Kalutara,7.2,1169.81,15.7497538,14.1584558,7.9,50.971,1049.3,23.5833,57.4,26.1494,4328.191411,87.1358,-1.545408134,27.5
3/1/2001,184007,59807,124200,150622,33385,57.22,42.78,93.72,6.28,28.6,2,Colombo,15.8,Gampaha,13.1,Kurunegala,12.2,Kandy,8.9,Kalutara,7.2,1169.81,15.7497538,14.1584558,7.9,50.971,1049.3,23.5833,57.4,25.5819,4328.191411,85.7295,-1.545408134,24.5
4/1/2001,184007,59807,124200,150622,33385,57.22,42.78,93.72,6.28,28.6,2,Colombo,15.8,Gampaha,13.1,Kurunegala,12.2,Kandy,8.9,Kalutara,7.2,1169.81,15.7497538,14.1584558,7.9,50.971,1049.3,23.5833,57.4,26.0243,4328.191411,88.2052,-1.545408134,25.66
5/1/2001,184007,59807,124200,150622,33385,57.22,42.78,93.72,6.28,28.6,2,Colombo,15.8,Gampaha,13.1,Kurunegala,12.2,Kandy,8.9,Kalutara,7.2,1169.81,15.7497538,14.1584558,7.9,50.971,1049.3,23.5833,57.4,26.7924,4328.191411,90.8477,-1.545408134,28.31
6/1/2001,184007,59807,124200,150622,33385,57.22,42.78,93.72,6.28,28.6,2,Colombo,15.8,Gampaha,13.1,Kurunegala,12.2,Kandy,8.9,Kalutara,7.2,1169.81,15.7497538,14.1584558,7.9,50.971,1049.3,23.5833,57.4,27.3526,4328.191411,90.3714,-1.545408134,27.85
7/1/2001,184007,59807,124200,150622,33385,57.22,42.78,93.72,6.28,28.6,2,Colombo,15.8,Gampaha,13.1,Kurunegala,12.2,Kandy,8.9,Kalutara,7.2,1169.81,15.7497538,14.1584558,7.9,50.971,1049.3,23.5833,57.4,27.1061,4328.191411,90.3143,-1.545408134,24.61
8/1/2001,184007,59807,124200,150622,33385,57.22,42.78,93.72,6.28,28.6,2,Colombo,15.8,Gampaha,13.1,Kurunegala,12.2,Kandy,8.9,Kalutara,7.2,1169.81,15.7497538,14.1584558,7.9,50.971,1049.3,23.5833,57.4,26.5339,4328.191411,89.9935,-1.545408134,25.68
9/1/2001,184007,59807,124200,150622,33385,57.22,42.78,93.72,6.28,28.6,2,Colombo,15.8,Gampaha,13.1,Kurunegala,12.2,Kandy,8.9,Kalutara,7.2,1169.81,15.7497538,14.1584558,7.9,50.971,1049.3,23.5833,57.4,26.9874,4328.191411,90.1572,-1.545408134,25.62
10/1/2001,184007,59807,124200,150622,33385,57.22,42.78,93.72,6.28,28.6,2,Colombo,15.8,Gampaha,13.1,Kurunegala,12.2,Kandy,8.9,Kalutara,7.2,1169.81,15.7497538,14.1584558,7.9,50.971,1049.3,23.5833,57.4,27.004,4328.191411,90.9536,-1.545408134,20.54
11/1/2001,184007,59807,124200,150622,33385,57.22,42.78,93.72,6.28,28.6,2,Colombo,15.8,Gampaha,13.1,Kurunegala,12.2,Kandy,8.9,Kalutara,7.2,1169.81,15.7497538,14.1584558,7.9,50.971,1049.3,23.5833,57.4,27.3277,4328.191411,92.67,-1.545408134,18.8
12/1/2001,184007,59807,124200,150622,33385,57.22,42.78,93.72,6.28,28.6,2,Colombo,15.8,Gampaha,13.1,Kurunegala,12.2,Kandy,8.9,Kalutara,7.2,1169.81,15.7497538,14.1584558,7.9,50.971,1049.3,23.5833,57.4,27.451,4328.191411,93.194,-1.545408134,18.71
1/1/2002,203773,70522,133251,167288,36485,58.69,41.31,94.48,5.52,29.1,2,Colombo,15.1,Gampaha,12.8,Kurunegala,12.5,Kandy,9.3,Kalutara,7.4,1296.07,16.53653565,9.55103167,8.76,50.288,1126.5,18,56.6,28.0222,4522.327696,93.4733,3.964675685,19.42
2/1/2002,203773,70522,133251,167288,36485,58.69,41.31,94.48,5.52,29.1,2,Colombo,15.1,Gampaha,12.8,Kurunegala,12.5,Kandy,9.3,Kalutara,7.4,1296.07,16.53653565,9.55103167,8.76,50.288,1126.5,18,56.6,28.3754,4522.327696,93.65,3.964675685,20.28
3/1/2002,203773,70522,133251,167288,36485,58.69,41.31,94.48,5.52,29.1,2,Colombo,15.1,Gampaha,12.8,Kurunegala,12.5,Kandy,9.3,Kalutara,7.4,1296.07,16.53653565,9.55103167,8.76,50.288,1126.5,18,56.6,28.5033,4522.327696,94.9033,3.964675685,23.7
4/1/2002,203773,70522,133251,167288,36485,58.69,41.31,94.48,5.52,29.1,2,Colombo,15.1,Gampaha,12.8,Kurunegala,12.5,Kandy,9.3,Kalutara,7.4,1296.07,16.53653565,9.55103167,8.76,50.288,1126.5,18,56.6,28.1731,4522.327696,96.0295,3.964675685,25.73
5/1/2002,203773,70522,133251,167288,36485,58.69,41.31,94.48,5.52,29.1,2,Colombo,15.1,Gampaha,12.8,Kurunegala,12.5,Kandy,9.3,Kalutara,7.4,1296.07,16.53653565,9.55103167,8.76,50.288,1126.5,18,56.6,29.4691,4522.327696,96.3182,3.964675685,25.35
6/1/2002,203773,70522,133251,167288,36485,58.69,41.31,94.48,5.52,29.1,2,Colombo,15.1,Gampaha,12.8,Kurunegala,12.5,Kandy,9.3,Kalutara,7.4,1296.07,16.53653565,9.55103167,8.76,50.288,1126.5,18,56.6,30.2823,4522.327696,96.4075,3.964675685,24.08
7/1/2002,203773,70522,133251,167288,36485,58.69,41.31,94.48,5.52,29.1,2,Colombo,15.1,Gampaha,12.8,Kurunegala,12.5,Kandy,9.3,Kalutara,7.4,1296.07,16.53653565,9.55103167,8.76,50.288,1126.5,18,56.6,30.0339,4522.327696,96.2655,3.964675685,25.74
8/1/2002,203773,70522,133251,167288,36485,58.69,41.31,94.48,5.52,29.1,2,Colombo,15.1,Gampaha,12.8,Kurunegala,12.5,Kandy,9.3,Kalutara,7.4,1296.07,16.53653565,9.55103167,8.76,50.288,1126.5,18,56.6,29.2107,4522.327696,96.2805,3.964675685,26.65
9/1/2002,203773,70522,133251,167288,36485,58.69,41.31,94.48,5.52,29.1,2,Colombo,15.1,Gampaha,12.8,Kurunegala,12.5,Kandy,9.3,Kalutara,7.4,1296.07,16.53653565,9.55103167,8.76,50.288,1126.5,18,56.6,28.9825,4522.327696,96.207,3.964675685,28.4
10/1/2002,203773,70522,133251,167288,36485,58.69,41.31,94.48,5.52,29.1,2,Colombo,15.1,Gampaha,12.8,Kurunegala,12.5,Kandy,9.3,Kalutara,7.4,1296.07,16.53653565,9.55103167,8.76,50.288,1126.5,18,56.6,29.2061,4522.327696,96.4023,3.964675685,27.54
11/1/2002,203773,70522,133251,167288,36485,58.69,41.31,94.48,5.52,29.1,2,Colombo,15.1,Gampaha,12.8,Kurunegala,12.5,Kandy,9.3,Kalutara,7.4,1296.07,16.53653565,9.55103167,8.76,50.288,1126.5,18,56.6,29.8021,4522.327696,96.4263,3.964675685,24.34
12/1/2002,203773,70522,133251,167288,36485,58.69,41.31,94.48,5.52,29.1,2,Colombo,15.1,Gampaha,12.8,Kurunegala,12.5,Kandy,9.3,Kalutara,7.4,1296.07,16.53653565,9.55103167,8.76,50.288,1126.5,18,56.6,30.55,4522.327696,96.7048,3.964675685,28.33
1/1/2003,209846,74508,135338,165582,44264,58.61,41.39,90.08,9.92,29.3,2.1,Colombo,14.7,Gampaha,12.5,Kurunegala,12.9,Kandy,9.5,Kalutara,7.1,1423.47,18.88176544,6.314637871,8.22,50.378,1205.2,16.75,54.1,31.3232,4849.860235,96.8133,5.940269078,31.18
2/1/2003,209846,74508,135338,165582,44264,58.61,41.39,90.08,9.92,29.3,2.1,Colombo,14.7,Gampaha,12.5,Kurunegala,12.9,Kandy,9.5,Kalutara,7.1,1423.47,18.88176544,6.314637871,8.22,50.378,1205.2,16.75,54.1,31.1455,4849.860235,96.8795,5.940269078,32.77
3/1/2003,209846,74508,135338,165582,44264,58.61,41.39,90.08,9.92,29.3,2.1,Colombo,14.7,Gampaha,12.5,Kurunegala,12.9,Kandy,9.5,Kalutara,7.1,1423.47,18.88176544,6.314637871,8.22,50.378,1205.2,16.75,54.1,30.8495,4849.860235,96.9433,5.940269078,30.61
4/1/2003,209846,74508,135338,165582,44264,58.61,41.39,90.08,9.92,29.3,2.1,Colombo,14.7,Gampaha,12.5,Kurunegala,12.9,Kandy,9.5,Kalutara,7.1,1423.47,18.88176544,6.314637871,8.22,50.378,1205.2,16.75,54.1,30.9087,4849.860235,97.0036,5.940269078,25
5/1/2003,209846,74508,135338,165582,44264,58.61,41.39,90.08,9.92,29.3,2.1,Colombo,14.7,Gampaha,12.5,Kurunegala,12.9,Kandy,9.5,Kalutara,7.1,1423.47,18.88176544,6.314637871,8.22,50.378,1205.2,16.75,54.1,31.2048,4849.860235,97.2305,5.940269078,25.86
6/1/2003,209846,74508,135338,165582,44264,58.61,41.39,90.08,9.92,29.3,2.1,Colombo,14.7,Gampaha,12.5,Kurunegala,12.9,Kandy,9.5,Kalutara,7.1,1423.47,18.88176544,6.314637871,8.22,50.378,1205.2,16.75,54.1,31.2936,4849.860235,97.2362,5.940269078,27.65
7/1/2003,209846,74508,135338,165582,44264,58.61,41.39,90.08,9.92,29.3,2.1,Colombo,14.7,Gampaha,12.5,Kurunegala,12.9,Kandy,9.5,Kalutara,7.1,1423.47,18.88176544,6.314637871,8.22,50.378,1205.2,16.75,54.1,31.1159,4849.860235,97.1527,5.940269078,28.35
8/1/2003,209846,74508,135338,165582,44264,58.61,41.39,90.08,9.92,29.3,2.1,Colombo,14.7,Gampaha,12.5,Kurunegala,12.9,Kandy,9.5,Kalutara,7.1,1423.47,18.88176544,6.314637871,8.22,50.378,1205.2,16.75,54.1,31.0567,4849.860235,96.9748,5.940269078,29.89
9/1/2003,209846,74508,135338,165582,44264,58.61,41.39,90.08,9.92,29.3,2.1,Colombo,14.7,Gampaha,12.5,Kurunegala,12.9,Kandy,9.5,Kalutara,7.1,1423.47,18.88176544,6.314637871,8.22,50.378,1205.2,16.75,54.1,31.412,4849.860235,95.2843,5.940269078,27.11
10/1/2003,209846,74508,135338,165582,44264,58.61,41.39,90.08,9.92,29.3,2.1,Colombo,14.7,Gampaha,12.5,Kurunegala,12.9,Kandy,9.5,Kalutara,7.1,1423.47,18.88176544,6.314637871,8.22,50.378,1205.2,16.75,54.1,31.4416,4849.860235,94.5595,5.940269078,29.61
11/1/2003,209846,74508,135338,165582,44264,58.61,41.39,90.08,9.92,29.3,2.1,Colombo,14.7,Gampaha,12.5,Kurunegala,12.9,Kandy,9.5,Kalutara,7.1,1423.47,18.88176544,6.314637871,8.22,50.378,1205.2,16.75,54.1,31.8561,4849.860235,96.0106,5.940269078,28.75
12/1/2003,209846,74508,135338,165582,44264,58.61,41.39,90.08,9.92,29.3,2.1,Colombo,14.7,Gampaha,12.5,Kurunegala,12.9,Kandy,9.5,Kalutara,7.1,1423.47,18.88176544,6.314637871,8.22,50.378,1205.2,16.75,54.1,32.241,4849.860235,96.4132,5.940269078,29.81
1/1/2004,214709,80699,134010,171505,43204,58.1,41.9,92.99,7.01,29.5,2.1,Colombo,14.2,Kurunegala,13.1,Gampaha,12.4,Kandy,9.8,Kalutara,6.9,1573.78,20.66252594,7.57592583,8.38,50.081,1233,15,51.6,32.8331,5215.880244,98.009,5.445061279,31.28
2/1/2004,214709,80699,134010,171505,43204,58.1,41.9,92.99,7.01,29.5,2.1,Colombo,14.2,Kurunegala,13.1,Gampaha,12.4,Kandy,9.8,Kalutara,6.9,1573.78,20.66252594,7.57592583,8.38,50.081,1233,15,51.6,32.8627,5215.880244,98.5074,5.445061279,30.86
3/1/2004,214709,80699,134010,171505,43204,58.1,41.9,92.99,7.01,29.5,2.1,Colombo,14.2,Kurunegala,13.1,Gampaha,12.4,Kandy,9.8,Kalutara,6.9,1573.78,20.66252594,7.57592583,8.38,50.081,1233,15,51.6,32.6258,5215.880244,97.5222,5.445061279,33.63
4/1/2004,214709,80699,134010,171505,43204,58.1,41.9,92.99,7.01,29.5,2.1,Colombo,14.2,Kurunegala,13.1,Gampaha,12.4,Kandy,9.8,Kalutara,6.9,1573.78,20.66252594,7.57592583,8.38,50.081,1233,15,51.6,33.0403,5215.880244,98.1323,5.445061279,33.59
5/1/2004,214709,80699,134010,171505,43204,58.1,41.9,92.99,7.01,29.5,2.1,Colombo,14.2,Kurunegala,13.1,Gampaha,12.4,Kandy,9.8,Kalutara,6.9,1573.78,20.66252594,7.57592583,8.38,50.081,1233,15,51.6,33.3956,5215.880244,98.9288,5.445061279,37.57
6/1/2004,214709,80699,134010,171505,43204,58.1,41.9,92.99,7.01,29.5,2.1,Colombo,14.2,Kurunegala,13.1,Gampaha,12.4,Kandy,9.8,Kalutara,6.9,1573.78,20.66252594,7.57592583,8.38,50.081,1233,15,51.6,33.6917,5215.880244,100.93,5.445061279,35.18
7/1/2004,214709,80699,134010,171505,43204,58.1,41.9,92.99,7.01,29.5,2.1,Colombo,14.2,Kurunegala,13.1,Gampaha,12.4,Kandy,9.8,Kalutara,6.9,1573.78,20.66252594,7.57592583,8.38,50.081,1233,15,51.6,34.07655,5215.880244,102.9981,5.445061279,38.22
8/1/2004,214709,80699,134010,171505,43204,58.1,41.9,92.99,7.01,29.5,2.1,Colombo,14.2,Kurunegala,13.1,Gampaha,12.4,Kandy,9.8,Kalutara,6.9,1573.78,20.66252594,7.57592583,8.38,50.081,1233,15,51.6,34.4614,5215.880244,103.4364,5.445061279,42.74
9/1/2004,214709,80699,134010,171505,43204,58.1,41.9,92.99,7.01,29.5,2.1,Colombo,14.2,Kurunegala,13.1,Gampaha,12.4,Kandy,9.8,Kalutara,6.9,1573.78,20.66252594,7.57592583,8.38,50.081,1233,15,51.6,35.0239,5215.880244,103.3257,5.445061279,43.2
10/1/2004,214709,80699,134010,171505,43204,58.1,41.9,92.99,7.01,29.5,2.1,Colombo,14.2,Kurunegala,13.1,Gampaha,12.4,Kandy,9.8,Kalutara,6.9,1573.78,20.66252594,7.57592583,8.38,50.081,1233,15,51.6,35.2312,5215.880244,103.8845,5.445061279,49.78
11/1/2004,214709,80699,134010,171505,43204,58.1,41.9,92.99,7.01,29.5,2.1,Colombo,14.2,Kurunegala,13.1,Gampaha,12.4,Kandy,9.8,Kalutara,6.9,1573.78,20.66252594,7.57592583,8.38,50.081,1233,15,51.6,35.9713,5215.880244,104.632,5.445061279,43.11
12/1/2004,214709,80699,134010,171505,43204,58.1,41.9,92.99,7.01,29.5,2.1,Colombo,14.2,Kurunegala,13.1,Gampaha,12.4,Kandy,9.8,Kalutara,6.9,1573.78,20.66252594,7.57592583,8.38,50.081,1233,15,51.6,36.4154,5215.880244,104.7483,5.445061279,39.6
1/1/2005,231290,93896,137394,189386,41904,58.94,41.06,97.56,2.44,29.8,2.2,Colombo,13.8,Kurunegala,13.4,Gampaha,12.1,Kandy,9.6,Galle,6.5,1975.536,24.40579104,11.6396861,7.67,50.26,1329.7,15,49,36.8299,5678.746478,98.9288,6.241748044,44.51
2/1/2005,231290,93896,137394,189386,41904,58.94,41.06,97.56,2.44,29.8,2.2,Colombo,13.8,Kurunegala,13.4,Gampaha,12.1,Kandy,9.6,Galle,6.5,1975.536,24.40579104,11.6396861,7.67,50.26,1329.7,15,49,36.8299,5678.746478,99.2726,6.241748044,45.48
3/1/2005,231290,93896,137394,189386,41904,58.94,41.06,97.56,2.44,29.8,2.2,Colombo,13.8,Kurunegala,13.4,Gampaha,12.1,Kandy,9.6,Galle,6.5,1975.536,24.40579104,11.6396861,7.67,50.26,1329.7,15,49,36.9779,5678.746478,99.3896,6.241748044,53.1
4/1/2005,231290,93896,137394,189386,41904,58.94,41.06,97.56,2.44,29.8,2.2,Colombo,13.8,Kurunegala,13.4,Gampaha,12.1,Kandy,9.6,Galle,6.5,1975.536,24.40579104,11.6396861,7.67,50.26,1329.7,15,49,37.4516,5678.746478,99.671,6.241748044,51.88
5/1/2005,231290,93896,137394,189386,41904,58.94,41.06,97.56,2.44,29.8,2.2,Colombo,13.8,Kurunegala,13.4,Gampaha,12.1,Kandy,9.6,Galle,6.5,1975.536,24.40579104,11.6396861,7.67,50.26,1329.7,15,49,37.6589,5678.746478,99.791,6.241748044,48.65
6/1/2005,231290,93896,137394,189386,41904,58.94,41.06,97.56,2.44,29.8,2.2,Colombo,13.8,Kurunegala,13.4,Gampaha,12.1,Kandy,9.6,Galle,6.5,1975.536,24.40579104,11.6396861,7.67,50.26,1329.7,15,49,37.8661,5678.746478,99.9455,6.241748044,54.35
7/1/2005,231290,93896,137394,189386,41904,58.94,41.06,97.56,2.44,29.8,2.2,Colombo,13.8,Kurunegala,13.4,Gampaha,12.1,Kandy,9.6,Galle,6.5,1975.536,24.40579104,11.6396861,7.67,50.26,1329.7,15,49,38.0438,5678.746478,100.283,6.241748044,57.52
8/1/2005,231290,93896,137394,189386,41904,58.94,41.06,97.56,2.44,29.8,2.2,Colombo,13.8,Kurunegala,13.4,Gampaha,12.1,Kandy,9.6,Galle,6.5,1975.536,24.40579104,11.6396861,7.67,50.26,1329.7,15,49,38.1622,5678.746478,100.7383,6.241748044,63.98
9/1/2005,231290,93896,137394,189386,41904,58.94,41.06,97.56,2.44,29.8,2.2,Colombo,13.8,Kurunegala,13.4,Gampaha,12.1,Kandy,9.6,Galle,6.5,1975.536,24.40579104,11.6396861,7.67,50.26,1329.7,15,49,38.251,5678.746478,101.3324,6.241748044,62.91
10/1/2005,231290,93896,137394,189386,41904,58.94,41.06,97.56,2.44,29.8,2.2,Colombo,13.8,Kurunegala,13.4,Gampaha,12.1,Kandy,9.6,Galle,6.5,1975.536,24.40579104,11.6396861,7.67,50.26,1329.7,15,49,38.5767,5678.746478,101.4845,6.241748044,58.54
11/1/2005,231290,93896,137394,189386,41904,58.94,41.06,97.56,2.44,29.8,2.2,Colombo,13.8,Kurunegala,13.4,Gampaha,12.1,Kandy,9.6,Galle,6.5,1975.536,24.40579104,11.6396861,7.67,50.26,1329.7,15,49,38.9319,5678.746478,101.7995,6.241748044,55.24
12/1/2005,231290,93896,137394,189386,41904,58.94,41.06,97.56,2.44,29.8,2.2,Colombo,13.8,Kurunegala,13.4,Gampaha,12.1,Kandy,9.6,Galle,6.5,1975.536,24.40579104,11.6396861,7.67,50.26,1329.7,15,49,39.1392,5678.746478,101.9767,6.241748044,56.86
1/1/2006,201948,90170,111778,161036,40912,59.05,40.95,96.43,3.57,30.1,2.2,Kurunegala,13.9,Colombo,13.5,Gampaha,11.8,Kandy,9.4,Galle,6.3,2166.77,28.26741054,10.02018361,6.5,50.684,1358.2,15,46.5,39.5241,6260.679902,102.016,7.668291901,62.99
2/1/2006,201948,90170,111778,161036,40912,59.05,40.95,96.43,3.57,30.1,2.2,Kurunegala,13.9,Colombo,13.5,Gampaha,11.8,Kandy,9.4,Galle,6.3,2166.77,28.26741054,10.02018361,6.5,50.684,1358.2,15,46.5,39.8793,6260.679902,102.1942,7.668291901,60.21
3/1/2006,201948,90170,111778,161036,40912,59.05,40.95,96.43,3.57,30.1,2.2,Kurunegala,13.9,Colombo,13.5,Gampaha,11.8,Kandy,9.4,Galle,6.3,2166.77,28.26741054,10.02018361,6.5,50.684,1358.2,15,46.5,39.8793,6260.679902,102.6478,7.668291901,62.06
4/1/2006,201948,90170,111778,161036,40912,59.05,40.95,96.43,3.57,30.1,2.2,Kurunegala,13.9,Colombo,13.5,Gampaha,11.8,Kandy,9.4,Galle,6.3,2166.77,28.26741054,10.02018361,6.5,50.684,1358.2,15,46.5,40.4714,6260.679902,102.6345,7.668291901,70.26
5/1/2006,201948,90170,111778,161036,40912,59.05,40.95,96.43,3.57,30.1,2.2,Kurunegala,13.9,Colombo,13.5,Gampaha,11.8,Kandy,9.4,Galle,6.3,2166.77,28.26741054,10.02018361,6.5,50.684,1358.2,15,46.5,41.1524,6260.679902,102.8382,7.668291901,69.78
6/1/2006,201948,90170,111778,161036,40912,59.05,40.95,96.43,3.57,30.1,2.2,Kurunegala,13.9,Colombo,13.5,Gampaha,11.8,Kandy,9.4,Galle,6.3,2166.77,28.26741054,10.02018361,6.5,50.684,1358.2,15,46.5,41.8629,6260.679902,103.5245,7.668291901,68.56
7/1/2006,201948,90170,111778,161036,40912,59.05,40.95,96.43,3.57,30.1,2.2,Kurunegala,13.9,Colombo,13.5,Gampaha,11.8,Kandy,9.4,Galle,6.3,2166.77,28.26741054,10.02018361,6.5,50.684,1358.2,15,46.5,41.8333,6260.679902,103.9565,7.668291901,73.67
8/1/2006,201948,90170,111778,161036,40912,59.05,40.95,96.43,3.57,30.1,2.2,Kurunegala,13.9,Colombo,13.5,Gampaha,11.8,Kandy,9.4,Galle,6.3,2166.77,28.26741054,10.02018361,6.5,50.684,1358.2,15,46.5,41.9814,6260.679902,103.6691,7.668291901,73.23
9/1/2006,201948,90170,111778,161036,40912,59.05,40.95,96.43,3.57,30.1,2.2,Kurunegala,13.9,Colombo,13.5,Gampaha,11.8,Kandy,9.4,Galle,6.3,2166.77,28.26741054,10.02018361,6.5,50.684,1358.2,15,46.5,42.4847,6260.679902,102.595,7.668291901,61.96
10/1/2006,201948,90170,111778,161036,40912,59.05,40.95,96.43,3.57,30.1,2.2,Kurunegala,13.9,Colombo,13.5,Gampaha,11.8,Kandy,9.4,Galle,6.3,2166.77,28.26741054,10.02018361,6.5,50.684,1358.2,15,46.5,43.0472,6260.679902,105.7181,7.668291901,57.81
11/1/2006,201948,90170,111778,161036,40912,59.05,40.95,96.43,3.57,30.1,2.2,Kurunegala,13.9,Colombo,13.5,Gampaha,11.8,Kandy,9.4,Galle,6.3,2166.77,28.26741054,10.02018361,6.5,50.684,1358.2,15,46.5,43.7577,6260.679902,107.72,7.668291901,58.76
12/1/2006,201948,90170,111778,161036,40912,59.05,40.95,96.43,3.57,30.1,2.2,Kurunegala,13.9,Colombo,13.5,Gampaha,11.8,Kandy,9.4,Galle,6.3,2166.77,28.26741054,10.02018361,6.5,50.684,1358.2,15,46.5,44.4091,6260.679902,107.7905,7.668291901,62.47
1/1/2007,218459,103476,114983,162784,55675,51.41,48.59,95.3,4.7,30.4,2.3,Kurunegala,14.2,Colombo,13.1,Gampaha,11.5,Kandy,9.2,Kalutara,6.1,2507.3,32.35023876,15.84211149,5.97,50.757,1648.8,15,44.4,44.942,6820.3931,108.5219,6.796826119,53.68
2/1/2007,218459,103476,114983,162784,55675,51.41,48.59,95.3,4.7,30.4,2.3,Kurunegala,14.2,Colombo,13.1,Gampaha,11.5,Kandy,9.2,Kalutara,6.1,2507.3,32.35023876,15.84211149,5.97,50.757,1648.8,15,44.4,45.9486,6820.3931,108.6842,6.796826119,57.56
3/1/2007,218459,103476,114983,162784,55675,51.41,48.59,95.3,4.7,30.4,2.3,Kurunegala,14.2,Colombo,13.1,Gampaha,11.5,Kandy,9.2,Kalutara,6.1,2507.3,32.35023876,15.84211149,5.97,50.757,1648.8,15,44.4,45.8894,6820.3931,109.2941,6.796826119,62.05
4/1/2007,218459,103476,114983,162784,55675,51.41,48.59,95.3,4.7,30.4,2.3,Kurunegala,14.2,Colombo,13.1,Gampaha,11.5,Kandy,9.2,Kalutara,6.1,2507.3,32.35023876,15.84211149,5.97,50.757,1648.8,15,44.4,46.2742,6820.3931,109.3595,6.796826119,67.49
5/1/2007,218459,103476,114983,162784,55675,51.41,48.59,95.3,4.7,30.4,2.3,Kurunegala,14.2,Colombo,13.1,Gampaha,11.5,Kandy,9.2,Kalutara,6.1,2507.3,32.35023876,15.84211149,5.97,50.757,1648.8,15,44.4,46.5703,6820.3931,110.7995,6.796826119,67.21
6/1/2007,218459,103476,114983,162784,55675,51.41,48.59,95.3,4.7,30.4,2.3,Kurunegala,14.2,Colombo,13.1,Gampaha,11.5,Kandy,9.2,Kalutara,6.1,2507.3,32.35023876,15.84211149,5.97,50.757,1648.8,15,44.4,47.5473,6820.3931,110.9662,6.796826119,71.05
7/1/2007,218459,103476,114983,162784,55675,51.41,48.59,95.3,4.7,30.4,2.3,Kurunegala,14.2,Colombo,13.1,Gampaha,11.5,Kandy,9.2,Kalutara,6.1,2507.3,32.35023876,15.84211149,5.97,50.757,1648.8,15,44.4,48.2874,6820.3931,111.6724,6.796826119,76.93
8/1/2007,218459,103476,114983,162784,55675,51.41,48.59,95.3,4.7,30.4,2.3,Kurunegala,14.2,Colombo,13.1,Gampaha,11.5,Kandy,9.2,Kalutara,6.1,2507.3,32.35023876,15.84211149,5.97,50.757,1648.8,15,44.4,48.9092,6820.3931,112.1839,6.796826119,70.76
9/1/2007,218459,103476,114983,162784,55675,51.41,48.59,95.3,4.7,30.4,2.3,Kurunegala,14.2,Colombo,13.1,Gampaha,11.5,Kandy,9.2,Kalutara,6.1,2507.3,32.35023876,15.84211149,5.97,50.757,1648.8,15,44.4,49.3533,6820.3931,113.3415,6.796826119,77.17
10/1/2007,218459,103476,114983,162784,55675,51.41,48.59,95.3,4.7,30.4,2.3,Kurunegala,14.2,Colombo,13.1,Gampaha,11.5,Kandy,9.2,Kalutara,6.1,2507.3,32.35023876,15.84211149,5.97,50.757,1648.8,15,44.4,50.8632,6820.3931,112.8583,6.796826119,82.34
11/1/2007,218459,103476,114983,162784,55675,51.41,48.59,95.3,4.7,30.4,2.3,Kurunegala,14.2,Colombo,13.1,Gampaha,11.5,Kandy,9.2,Kalutara,6.1,2507.3,32.35023876,15.84211149,5.97,50.757,1648.8,15,44.4,52.225,6820.3931,110.4181,6.796826119,92.41
12/1/2007,218459,103476,114983,162784,55675,51.41,48.59,95.3,4.7,30.4,2.3,Kurunegala,14.2,Colombo,13.1,Gampaha,11.5,Kandy,9.2,Kalutara,6.1,2507.3,32.35023876,15.84211149,5.97,50.757,1648.8,15,44.4,52.7283,6820.3931,108.891,6.796826119,90.93
1/1/2008,250499,128232,122267,185934,64565,54.83,45.17,94.57,5.43,30.8,2.3,Kurunegala,14.5,Colombo,12.8,Gampaha,11.2,Kandy,9,Kalutara,5.9,2924.5,40.71382622,22.56449553,5.22,50.945,2070.4,15,42.3,54.4015,7316.586265,108.1557,5.950088145,92.18
2/1/2008,250499,128232,122267,185934,64565,54.83,45.17,94.57,5.43,30.8,2.3,Kurunegala,14.5,Colombo,12.8,Gampaha,11.2,Kandy,9,Kalutara,5.9,2924.5,40.71382622,22.56449553,5.22,50.945,2070.4,15,42.3,55.9597,7316.586265,107.827,5.950088145,94.99
3/1/2008,250499,128232,122267,185934,64565,54.83,45.17,94.57,5.43,30.8,2.3,Kurunegala,14.5,Colombo,12.8,Gampaha,11.2,Kandy,9,Kalutara,5.9,2924.5,40.71382622,22.56449553,5.22,50.945,2070.4,15,42.3,56.8305,7316.586265,107.6838,5.950088145,103.64
4/1/2008,250499,128232,122267,185934,64565,54.83,45.17,94.57,5.43,30.8,2.3,Kurunegala,14.5,Colombo,12.8,Gampaha,11.2,Kandy,9,Kalutara,5.9,2924.5,40.71382622,22.56449553,5.22,50.945,2070.4,15,42.3,57.8846,7316.586265,107.7791,5.950088145,109.07
5/1/2008,250499,128232,122267,185934,64565,54.83,45.17,94.57,5.43,30.8,2.3,Kurunegala,14.5,Colombo,12.8,Gampaha,11.2,Kandy,9,Kalutara,5.9,2924.5,40.71382622,22.56449553,5.22,50.945,2070.4,15,42.3,58.6638,7316.586265,107.7705,5.950088145,122.8
6/1/2008,250499,128232,122267,185934,64565,54.83,45.17,94.57,5.43,30.8,2.3,Kurunegala,14.5,Colombo,12.8,Gampaha,11.2,Kandy,9,Kalutara,5.9,2924.5,40.71382622,22.56449553,5.22,50.945,2070.4,15,42.3,61.0928,7316.586265,107.7633,5.950088145,132.32
7/1/2008,250499,128232,122267,185934,64565,54.83,45.17,94.57,5.43,30.8,2.3,Kurunegala,14.5,Colombo,12.8,Gampaha,11.2,Kandy,9,Kalutara,5.9,2924.5,40.71382622,22.56449553,5.22,50.945,2070.4,15,42.3,61.2303,7316.586265,107.6086,5.950088145,132.72
8/1/2008,250499,128232,122267,185934,64565,54.83,45.17,94.57,5.43,30.8,2.3,Kurunegala,14.5,Colombo,12.8,Gampaha,11.2,Kandy,9,Kalutara,5.9,2924.5,40.71382622,22.56449553,5.22,50.945,2070.4,15,42.3,61.1386,7316.586265,107.7181,5.950088145,113.24
9/1/2008,250499,128232,122267,185934,64565,54.83,45.17,94.57,5.43,30.8,2.3,Kurunegala,14.5,Colombo,12.8,Gampaha,11.2,Kandy,9,Kalutara,5.9,2924.5,40.71382622,22.56449553,5.22,50.945,2070.4,15,42.3,61.2303,7316.586265,107.8233,5.950088145,97.23
10/1/2008,250499,128232,122267,185934,64565,54.83,45.17,94.57,5.43,30.8,2.3,Kurunegala,14.5,Colombo,12.8,Gampaha,11.2,Kandy,9,Kalutara,5.9,2924.5,40.71382622,22.56449553,5.22,50.945,2070.4,15,42.3,61.047,7316.586265,108.1661,5.950088145,71.58
11/1/2008,250499,128232,122267,185934,64565,54.83,45.17,94.57,5.43,30.8,2.3,Kurunegala,14.5,Colombo,12.8,Gampaha,11.2,Kandy,9,Kalutara,5.9,2924.5,40.71382622,22.56449553,5.22,50.945,2070.4,15,42.3,60.6803,7316.586265,109.9594,5.950088145,52.45
12/1/2008,250499,128232,122267,185934,64565,54.83,45.17,94.57,5.43,30.8,2.3,Kurunegala,14.5,Colombo,12.8,Gampaha,11.2,Kandy,9,Kalutara,5.9,2924.5,40.71382622,22.56449553,5.22,50.945,2070.4,15,42.3,60.1304,7316.586265,111.4464,5.950088145,39.95
1/1/2009,247126,119381,127745,190938,56188,58.57,41.43,94.73,5.27,31,2.3,Kurunegala,14.8,Colombo,12.5,Gampaha,10.9,Kandy,8.8,Kalutara,5.7,3336.7,42.06622409,3.464963221,5.85,50.392,2171.4,15,40.2,60.0845,7575.579887,113.7685,3.538912053,43.44
2/1/2009,247126,119381,127745,190938,56188,58.57,41.43,94.73,5.27,31,2.3,Kurunegala,14.8,Colombo,12.5,Gampaha,10.9,Kandy,8.8,Kalutara,5.7,3336.7,42.06622409,3.464963221,5.85,50.392,2171.4,15,40.2,60.1304,7575.579887,114.1026,3.538912053,43.32
3/1/2009,247126,119381,127745,190938,56188,58.57,41.43,94.73,5.27,31,2.3,Kurunegala,14.8,Colombo,12.5,Gampaha,10.9,Kandy,8.8,Kalutara,5.7,3336.7,42.06622409,3.464963221,5.85,50.392,2171.4,15,40.2,59.8095,7575.579887,114.2836,3.538912053,46.54
4/1/2009,247126,119381,127745,190938,56188,58.57,41.43,94.73,5.27,31,2.3,Kurunegala,14.8,Colombo,12.5,Gampaha,10.9,Kandy,8.8,Kalutara,5.7,3336.7,42.06622409,3.464963221,5.85,50.392,2171.4,15,40.2,59.3971,7575.579887,117.3068,3.538912053,50.18
5/1/2009,247126,119381,127745,190938,56188,58.57,41.43,94.73,5.27,31,2.3,Kurunegala,14.8,Colombo,12.5,Gampaha,10.9,Kandy,8.8,Kalutara,5.7,3336.7,42.06622409,3.464963221,5.85,50.392,2171.4,15,40.2,60.772,7575.579887,116.672,3.538912053,57.3
6/1/2009,247126,119381,127745,190938,56188,58.57,41.43,94.73,5.27,31,2.3,Kurunegala,14.8,Colombo,12.5,Gampaha,10.9,Kandy,8.8,Kalutara,5.7,3336.7,42.06622409,3.464963221,5.85,50.392,2171.4,15,40.2,61.5511,7575.579887,114.8105,3.538912053,68.61
7/1/2009,247126,119381,127745,190938,56188,58.57,41.43,94.73,5.27,31,2.3,Kurunegala,14.8,Colombo,12.5,Gampaha,10.9,Kandy,8.8,Kalutara,5.7,3336.7,42.06622409,3.464963221,5.85,50.392,2171.4,15,40.2,61.9636,7575.579887,114.8002,3.538912053,64.44
8/1/2009,247126,119381,127745,190938,56188,58.57,41.43,94.73,5.27,31,2.3,Kurunegala,14.8,Colombo,12.5,Gampaha,10.9,Kandy,8.8,Kalutara,5.7,3336.7,42.06622409,3.464963221,5.85,50.392,2171.4,15,40.2,61.7345,7575.579887,114.7148,3.538912053,72.51
9/1/2009,247126,119381,127745,190938,56188,58.57,41.43,94.73,5.27,31,2.3,Kurunegala,14.8,Colombo,12.5,Gampaha,10.9,Kandy,8.8,Kalutara,5.7,3336.7,42.06622409,3.464963221,5.85,50.392,2171.4,15,40.2,61.8261,7575.579887,114.7667,3.538912053,67.65
10/1/2009,247126,119381,127745,190938,56188,58.57,41.43,94.73,5.27,31,2.3,Kurunegala,14.8,Colombo,12.5,Gampaha,10.9,Kandy,8.8,Kalutara,5.7,3336.7,42.06622409,3.464963221,5.85,50.392,2171.4,15,40.2,62.0094,7575.579887,114.7838,3.538912053,72.77
11/1/2009,247126,119381,127745,190938,56188,58.57,41.43,94.73,5.27,31,2.3,Kurunegala,14.8,Colombo,12.5,Gampaha,10.9,Kandy,8.8,Kalutara,5.7,3336.7,42.06622409,3.464963221,5.85,50.392,2171.4,15,40.2,62.4677,7575.579887,114.4853,3.538912053,76.66
12/1/2009,247126,119381,127745,190938,56188,58.57,41.43,94.73,5.27,31,2.3,Kurunegala,14.8,Colombo,12.5,Gampaha,10.9,Kandy,8.8,Kalutara,5.7,3336.7,42.06622409,3.464963221,5.85,50.392,2171.4,15,40.2,63.1552,7575.579887,114.2836,3.538912053,74.46
1/1/2010,267507,136850,130657,202153,65354,59.2,40.8,92.71,7.29,31.2,2.4,Kurunegala,15.1,Colombo,12.2,Gampaha,10.7,Kandy,8.5,Kalutara,5.5,4123.13,58.63604943,6.217648893,4.784,50.745,2865.3,15,37.3,64.3468,8233.626638,114.3589,8.015967371,76.17
2/1/2010,267507,136850,130657,202153,65354,59.2,40.8,92.71,7.29,31.2,2.4,Kurunegala,15.1,Colombo,12.2,Gampaha,10.7,Kandy,8.5,Kalutara,5.5,4123.13,58.63604943,6.217648893,4.784,50.745,2865.3,15,37.3,64.6676,8233.626638,114.5079,8.015967371,73.75
3/1/2010,267507,136850,130657,202153,65354,59.2,40.8,92.71,7.29,31.2,2.4,Kurunegala,15.1,Colombo,12.2,Gampaha,10.7,Kandy,8.5,Kalutara,5.5,4123.13,58.63604943,6.217648893,4.784,50.745,2865.3,15,37.3,64.0718,8233.626638,114.1039,8.015967371,78.83
4/1/2010,267507,136850,130657,202153,65354,59.2,40.8,92.71,7.29,31.2,2.4,Kurunegala,15.1,Colombo,12.2,Gampaha,10.7,Kandy,8.5,Kalutara,5.5,4123.13,58.63604943,6.217648893,4.784,50.745,2865.3,15,37.3,63.4302,8233.626638,113.8286,8.015967371,84.82
5/1/2010,267507,136850,130657,202153,65354,59.2,40.8,92.71,7.29,31.2,2.4,Kurunegala,15.1,Colombo,12.2,Gampaha,10.7,Kandy,8.5,Kalutara,5.5,4123.13,58.63604943,6.217648893,4.784,50.745,2865.3,15,37.3,64.2093,8233.626638,113.7025,8.015967371,75.95
6/1/2010,267507,136850,130657,202153,65354,59.2,40.8,92.71,7.29,31.2,2.4,Kurunegala,15.1,Colombo,12.2,Gampaha,10.7,Kandy,8.5,Kalutara,5.5,4123.13,58.63604943,6.217648893,4.784,50.745,2865.3,15,37.3,64.7135,8233.626638,113.5605,8.015967371,74.76
7/1/2010,267507,136850,130657,202153,65354,59.2,40.8,92.71,7.29,31.2,2.4,Kurunegala,15.1,Colombo,12.2,Gampaha,10.7,Kandy,8.5,Kalutara,5.5,4123.13,58.63604943,6.217648893,4.784,50.745,2865.3,15,37.3,64.7135,8233.626638,112.9571,8.015967371,75.58
8/1/2010,267507,136850,130657,202153,65354,59.2,40.8,92.71,7.29,31.2,2.4,Kurunegala,15.1,Colombo,12.2,Gampaha,10.7,Kandy,8.5,Kalutara,5.5,4123.13,58.63604943,6.217648893,4.784,50.745,2865.3,15,37.3,64.8051,8233.626638,112.3968,8.015967371,77.04
9/1/2010,267507,136850,130657,202153,65354,59.2,40.8,92.71,7.29,31.2,2.4,Kurunegala,15.1,Colombo,12.2,Gampaha,10.7,Kandy,8.5,Kalutara,5.5,4123.13,58.63604943,6.217648893,4.784,50.745,2865.3,15,37.3,65.3551,8233.626638,112.3029,8.015967371,77.84
10/1/2010,267507,136850,130657,202153,65354,59.2,40.8,92.71,7.29,31.2,2.4,Kurunegala,15.1,Colombo,12.2,Gampaha,10.7,Kandy,8.5,Kalutara,5.5,4123.13,58.63604943,6.217648893,4.784,50.745,2865.3,15,37.3,66.0426,8233.626638,111.667,8.015967371,82.67
11/1/2010,267507,136850,130657,202153,65354,59.2,40.8,92.71,7.29,31.2,2.4,Kurunegala,15.1,Colombo,12.2,Gampaha,10.7,Kandy,8.5,Kalutara,5.5,4123.13,58.63604943,6.217648893,4.784,50.745,2865.3,15,37.3,66.7759,8233.626638,111.5155,8.015967371,85.28
12/1/2010,267507,136850,130657,202153,65354,59.2,40.8,92.71,7.29,31.2,2.4,Kurunegala,15.1,Colombo,12.2,Gampaha,10.7,Kandy,8.5,Kalutara,5.5,4123.13,58.63604943,6.217648893,4.784,50.745,2865.3,15,37.3,67.4633,8233.626638,111.0081,8.015967371,91.45
1/1/2011,262961,136307,126654,195101,67860,57.97,42.03,91.66,8.34,31.5,2.4,Kurunegala,15.4,Colombo,11.9,Gampaha,10.4,Kandy,8.2,Batticaloa,5.8,5153.01,67.7532859,6.716768436,4.118,50.69,2996.1,15,34.4,68.38,9075.545496,110.82,8.669483012,96.52
2/1/2011,262961,136307,126654,195101,67860,57.97,42.03,91.66,8.34,31.5,2.4,Kurunegala,15.4,Colombo,11.9,Gampaha,10.4,Kandy,8.2,Batticaloa,5.8,5153.01,67.7532859,6.716768436,4.118,50.69,2996.1,15,34.4,69.3424,9075.545496,110.8074,8.669483012,103.72
3/1/2011,262961,136307,126654,195101,67860,57.97,42.03,91.66,8.34,31.5,2.4,Kurunegala,15.4,Colombo,11.9,Gampaha,10.4,Kandy,8.2,Batticaloa,5.8,5153.01,67.7532859,6.716768436,4.118,50.69,2996.1,15,34.4,69.0216,9075.545496,110.3022,8.669483012,114.64
4/1/2011,262961,136307,126654,195101,67860,57.97,42.03,91.66,8.34,31.5,2.4,Kurunegala,15.4,Colombo,11.9,Gampaha,10.4,Kandy,8.2,Batticaloa,5.8,5153.01,67.7532859,6.716768436,4.118,50.69,2996.1,15,34.4,69.0216,9075.545496,110.2129,8.669483012,123.26
5/1/2011,262961,136307,126654,195101,67860,57.97,42.03,91.66,8.34,31.5,2.4,Kurunegala,15.4,Colombo,11.9,Gampaha,10.4,Kandy,8.2,Batticaloa,5.8,5153.01,67.7532859,6.716768436,4.118,50.69,2996.1,15,34.4,69.4341,9075.545496,109.7629,8.669483012,114.99
6/1/2011,262961,136307,126654,195101,67860,57.97,42.03,91.66,8.34,31.5,2.4,Kurunegala,15.4,Colombo,11.9,Gampaha,10.4,Kandy,8.2,Batticaloa,5.8,5153.01,67.7532859,6.716768436,4.118,50.69,2996.1,15,34.4,69.2966,9075.545496,109.5391,8.669483012,113.83
7/1/2011,262961,136307,126654,195101,67860,57.97,42.03,91.66,8.34,31.5,2.4,Kurunegala,15.4,Colombo,11.9,Gampaha,10.4,Kandy,8.2,Batticaloa,5.8,5153.01,67.7532859,6.716768436,4.118,50.69,2996.1,15,34.4,69.5257,9075.545496,109.457,8.669483012,116.97
8/1/2011,262961,136307,126654,195101,67860,57.97,42.03,91.66,8.34,31.5,2.4,Kurunegala,15.4,Colombo,11.9,Gampaha,10.4,Kandy,8.2,Batticaloa,5.8,5153.01,67.7532859,6.716768436,4.118,50.69,2996.1,15,34.4,69.3424,9075.545496,109.7139,8.669483012,110.22
9/1/2011,262961,136307,126654,195101,67860,57.97,42.03,91.66,8.34,31.5,2.4,Kurunegala,15.4,Colombo,11.9,Gampaha,10.4,Kandy,8.2,Batticaloa,5.8,5153.01,67.7532859,6.716768436,4.118,50.69,2996.1,15,34.4,69.5257,9075.545496,110.0529,8.669483012,112.83
10/1/2011,262961,136307,126654,195101,67860,57.97,42.03,91.66,8.34,31.5,2.4,Kurunegala,15.4,Colombo,11.9,Gampaha,10.4,Kandy,8.2,Batticaloa,5.8,5153.01,67.7532859,6.716768436,4.118,50.69,2996.1,15,34.4,69.4341,9075.545496,110.0875,8.669483012,109.55
11/1/2011,262961,136307,126654,195101,67860,57.97,42.03,91.66,8.34,31.5,2.4,Kurunegala,15.4,Colombo,11.9,Gampaha,10.4,Kandy,8.2,Batticaloa,5.8,5153.01,67.7532859,6.716768436,4.118,50.69,2996.1,15,34.4,69.9382,9075.545496,111.2205,8.669483012,110.77
12/1/2011,262961,136307,126654,195101,67860,57.97,42.03,91.66,8.34,31.5,2.4,Kurunegala,15.4,Colombo,11.9,Gampaha,10.4,Kandy,8.2,Batticaloa,5.8,5153.01,67.7532859,6.716768436,4.118,50.69,2996.1,15,34.4,70.7632,9075.545496,113.8067,8.669483012,107.87
1/1/2012,282447,144135,138312,216073,66374,60.84,39.16,92.82,7.18,31.8,2.5,Kurunegala,15.8,Colombo,11.6,Gampaha,10.1,Kandy,8,Batticaloa,6.2,5999.552324,70.44721716,7.542913732,3.88,50.53,3662,15,31.5,70.9465,10249.16706,113.8195,8.632181377,110.69
2/1/2012,282447,144135,138312,216073,66374,60.84,39.16,92.82,7.18,31.8,2.5,Kurunegala,15.8,Colombo,11.6,Gampaha,10.1,Kandy,8,Batticaloa,6.2,5999.552324,70.44721716,7.542913732,3.88,50.53,3662,15,31.5,71.2215,10249.16706,117.281,8.632181377,119.33
3/1/2012,282447,144135,138312,216073,66374,60.84,39.16,92.82,7.18,31.8,2.5,Kurunegala,15.8,Colombo,11.6,Gampaha,10.1,Kandy,8,Batticaloa,6.2,5999.552324,70.44721716,7.542913732,3.88,50.53,3662,15,31.5,72.7797,10249.16706,125.6605,8.632181377,125.45
4/1/2012,282447,144135,138312,216073,66374,60.84,39.16,92.82,7.18,31.8,2.5,Kurunegala,15.8,Colombo,11.6,Gampaha,10.1,Kandy,8,Batticaloa,6.2,5999.552324,70.44721716,7.542913732,3.88,50.53,3662,15,31.5,73.238,10249.16706,128.4248,8.632181377,119.75
5/1/2012,282447,144135,138312,216073,66374,60.84,39.16,92.82,7.18,31.8,2.5,Kurunegala,15.8,Colombo,11.6,Gampaha,10.1,Kandy,8,Batticaloa,6.2,5999.552324,70.44721716,7.542913732,3.88,50.53,3662,15,31.5,74.2922,10249.16706,129.0045,8.632181377,110.34
6/1/2012,282447,144135,138312,216073,66374,60.84,39.16,92.82,7.18,31.8,2.5,Kurunegala,15.8,Colombo,11.6,Gampaha,10.1,Kandy,8,Batticaloa,6.2,5999.552324,70.44721716,7.542913732,3.88,50.53,3662,15,31.5,75.7129,10249.16706,131.8519,8.632181377,95.16
7/1/2012,282447,144135,138312,216073,66374,60.84,39.16,92.82,7.18,31.8,2.5,Kurunegala,15.8,Colombo,11.6,Gampaha,10.1,Kandy,8,Batticaloa,6.2,5999.552324,70.44721716,7.542913732,3.88,50.53,3662,15,31.5,76.4004,10249.16706,132.4848,8.632181377,102.62
8/1/2012,282447,144135,138312,216073,66374,60.84,39.16,92.82,7.18,31.8,2.5,Kurunegala,15.8,Colombo,11.6,Gampaha,10.1,Kandy,8,Batticaloa,6.2,5999.552324,70.44721716,7.542913732,3.88,50.53,3662,15,31.5,75.9421,10249.16706,131.9896,8.632181377,113.36
9/1/2012,282447,144135,138312,216073,66374,60.84,39.16,92.82,7.18,31.8,2.5,Kurunegala,15.8,Colombo,11.6,Gampaha,10.1,Kandy,8,Batticaloa,6.2,5999.552324,70.44721716,7.542913732,3.88,50.53,3662,15,31.5,75.8504,10249.16706,131.5105,8.632181377,112.86
10/1/2012,282447,144135,138312,216073,66374,60.84,39.16,92.82,7.18,31.8,2.5,Kurunegala,15.8,Colombo,11.6,Gampaha,10.1,Kandy,8,Batticaloa,6.2,5999.552324,70.44721716,7.542913732,3.88,50.53,3662,15,31.5,75.6213,10249.16706,129.0859,8.632181377,111.71
11/1/2012,282447,144135,138312,216073,66374,60.84,39.16,92.82,7.18,31.8,2.5,Kurunegala,15.8,Colombo,11.6,Gampaha,10.1,Kandy,8,Batticaloa,6.2,5999.552324,70.44721716,7.542913732,3.88,50.53,3662,15,31.5,76.5837,10249.16706,130.234,8.632181377,109.06
12/1/2012,282447,144135,138312,216073,66374,60.84,39.16,92.82,7.18,31.8,2.5,Kurunegala,15.8,Colombo,11.6,Gampaha,10.1,Kandy,8,Batticaloa,6.2,5999.552324,70.44721716,7.542913732,3.88,50.53,3662,15,31.5,77.2712,10249.16706,128.036,8.632181377,109.49
1/1/2013,293218,175185,118033,218829,74389,63.44,36.56,91.24,8.76,32.1,2.5,Kurunegala,16.1,Colombo,11.3,Gampaha,9.8,Kandy,7.8,Batticaloa,6.5,6422.186627,76.97620383,6.908450348,4.186,49.874,3869.2,15,28.8,77.9128,11252.63115,126.72,4.05174633,112.96
2/1/2013,293218,175185,118033,218829,74389,63.44,36.56,91.24,8.76,32.1,2.5,Kurunegala,16.1,Colombo,11.3,Gampaha,9.8,Kandy,7.8,Batticaloa,6.5,6422.186627,76.97620383,6.908450348,4.186,49.874,3869.2,15,28.8,78.2336,11252.63115,126.7342,4.05174633,116.05
3/1/2013,293218,175185,118033,218829,74389,63.44,36.56,91.24,8.76,32.1,2.5,Kurunegala,16.1,Colombo,11.3,Gampaha,9.8,Kandy,7.8,Batticaloa,6.5,6422.186627,76.97620383,6.908450348,4.186,49.874,3869.2,15,28.8,78.2795,11252.63115,126.7005,4.05174633,108.47
4/1/2013,293218,175185,118033,218829,74389,63.44,36.56,91.24,8.76,32.1,2.5,Kurunegala,16.1,Colombo,11.3,Gampaha,9.8,Kandy,7.8,Batticaloa,6.5,6422.186627,76.97620383,6.908450348,4.186,49.874,3869.2,15,28.8,77.9128,11252.63115,125.9673,4.05174633,102.25
5/1/2013,293218,175185,118033,218829,74389,63.44,36.56,91.24,8.76,32.1,2.5,Kurunegala,16.1,Colombo,11.3,Gampaha,9.8,Kandy,7.8,Batticaloa,6.5,6422.186627,76.97620383,6.908450348,4.186,49.874,3869.2,15,28.8,79.7002,11252.63115,126.2432,4.05174633,102.56
6/1/2013,293218,175185,118033,218829,74389,63.44,36.56,91.24,8.76,32.1,2.5,Kurunegala,16.1,Colombo,11.3,Gampaha,9.8,Kandy,7.8,Batticaloa,6.5,6422.186627,76.97620383,6.908450348,4.186,49.874,3869.2,15,28.8,80.8918,11252.63115,127.9125,4.05174633,102.92
7/1/2013,293218,175185,118033,218829,74389,63.44,36.56,91.24,8.76,32.1,2.5,Kurunegala,16.1,Colombo,11.3,Gampaha,9.8,Kandy,7.8,Batticaloa,6.5,6422.186627,76.97620383,6.908450348,4.186,49.874,3869.2,15,28.8,81.0293,11252.63115,131.1345,4.05174633,107.93
8/1/2013,293218,175185,118033,218829,74389,63.44,36.56,91.24,8.76,32.1,2.5,Kurunegala,16.1,Colombo,11.3,Gampaha,9.8,Kandy,7.8,Batticaloa,6.5,6422.186627,76.97620383,6.908450348,4.186,49.874,3869.2,15,28.8,80.7543,11252.63115,131.9682,4.05174633,111.28
9/1/2013,293218,175185,118033,218829,74389,63.44,36.56,91.24,8.76,32.1,2.5,Kurunegala,16.1,Colombo,11.3,Gampaha,9.8,Kandy,7.8,Batticaloa,6.5,6422.186627,76.97620383,6.908450348,4.186,49.874,3869.2,15,28.8,80.571,11252.63115,132.3465,4.05174633,111.6
10/1/2013,293218,175185,118033,218829,74389,63.44,36.56,91.24,8.76,32.1,2.5,Kurunegala,16.1,Colombo,11.3,Gampaha,9.8,Kandy,7.8,Batticaloa,6.5,6422.186627,76.97620383,6.908450348,4.186,49.874,3869.2,15,28.8,80.7085,11252.63115,130.9955,4.05174633,109.08
11/1/2013,293218,175185,118033,218829,74389,63.44,36.56,91.24,8.76,32.1,2.5,Kurunegala,16.1,Colombo,11.3,Gampaha,9.8,Kandy,7.8,Batticaloa,6.5,6422.186627,76.97620383,6.908450348,4.186,49.874,3869.2,15,28.8,80.8918,11252.63115,131.0895,4.05174633,107.79
12/1/2013,293218,175185,118033,218829,74389,63.44,36.56,91.24,8.76,32.1,2.5,Kurunegala,16.1,Colombo,11.3,Gampaha,9.8,Kandy,7.8,Batticaloa,6.5,6422.186627,76.97620383,6.908450348,4.186,49.874,3869.2,15,28.8,80.8918,11252.63115,130.7643,4.05174633,110.76
1/1/2014,300703,190217,110486,217207,83496,62.6,37.4,88.81,11.19,32.3,2.5,Kurunegala,16.4,Colombo,11.1,Gampaha,9.5,Kandy,7.6,Batticaloa,6.9,7036.326551,82.53112519,3.179002282,4.157,49.454,4012.2,15,26.1,81.2267,11720.59781,130.6857,6.377978897,108.12
2/1/2014,300703,190217,110486,217207,83496,62.6,37.4,88.81,11.19,32.3,2.5,Kurunegala,16.4,Colombo,11.1,Gampaha,9.5,Kandy,7.6,Batticaloa,6.9,7036.326551,82.53112519,3.179002282,4.157,49.454,4012.2,15,26.1,81.2267,11720.59781,130.7968,6.377978897,108.9
3/1/2014,300703,190217,110486,217207,83496,62.6,37.4,88.81,11.19,32.3,2.5,Kurunegala,16.4,Colombo,11.1,Gampaha,9.5,Kandy,7.6,Batticaloa,6.9,7036.326551,82.53112519,3.179002282,4.157,49.454,4012.2,15,26.1,81.2267,11720.59781,130.5857,6.377978897,107.48
4/1/2014,300703,190217,110486,217207,83496,62.6,37.4,88.81,11.19,32.3,2.5,Kurunegala,16.4,Colombo,11.1,Gampaha,9.5,Kandy,7.6,Batticaloa,6.9,7036.326551,82.53112519,3.179002282,4.157,49.454,4012.2,15,26.1,81.3826,11720.59781,130.5936,6.377978897,107.76
5/1/2014,300703,190217,110486,217207,83496,62.6,37.4,88.81,11.19,32.3,2.5,Kurunegala,16.4,Colombo,11.1,Gampaha,9.5,Kandy,7.6,Batticaloa,6.9,7036.326551,82.53112519,3.179002282,4.157,49.454,4012.2,15,26.1,81.6944,11720.59781,130.3833,6.377978897,109.54
6/1/2014,300703,190217,110486,217207,83496,62.6,37.4,88.81,11.19,32.3,2.5,Kurunegala,16.4,Colombo,11.1,Gampaha,9.5,Kandy,7.6,Batticaloa,6.9,7036.326551,82.53112519,3.179002282,4.157,49.454,4012.2,15,26.1,82.396,11720.59781,130.2714,6.377978897,111.8
7/1/2014,300703,190217,110486,217207,83496,62.6,37.4,88.81,11.19,32.3,2.5,Kurunegala,16.4,Colombo,11.1,Gampaha,9.5,Kandy,7.6,Batticaloa,6.9,7036.326551,82.53112519,3.179002282,4.157,49.454,4012.2,15,26.1,83.0196,11720.59781,130.2123,6.377978897,106.77
8/1/2014,300703,190217,110486,217207,83496,62.6,37.4,88.81,11.19,32.3,2.5,Kurunegala,16.4,Colombo,11.1,Gampaha,9.5,Kandy,7.6,Batticaloa,6.9,7036.326551,82.53112519,3.179002282,4.157,49.454,4012.2,15,26.1,82.8637,11720.59781,130.1748,6.377978897,101.61
9/1/2014,300703,190217,110486,217207,83496,62.6,37.4,88.81,11.19,32.3,2.5,Kurunegala,16.4,Colombo,11.1,Gampaha,9.5,Kandy,7.6,Batticaloa,6.9,7036.326551,82.53112519,3.179002282,4.157,49.454,4012.2,15,26.1,82.7078,11720.59781,130.2562,6.377978897,97.09
10/1/2014,300703,190217,110486,217207,83496,62.6,37.4,88.81,11.19,32.3,2.5,Kurunegala,16.4,Colombo,11.1,Gampaha,9.5,Kandy,7.6,Batticaloa,6.9,7036.326551,82.53112519,3.179002282,4.157,49.454,4012.2,15,26.1,81.6165,11720.59781,130.5618,6.377978897,87.43
11/1/2014,300703,190217,110486,217207,83496,62.6,37.4,88.81,11.19,32.3,2.5,Kurunegala,16.4,Colombo,11.1,Gampaha,9.5,Kandy,7.6,Batticaloa,6.9,7036.326551,82.53112519,3.179002282,4.157,49.454,4012.2,15,26.1,81.5385,11720.59781,130.9278,6.377978897,79.44
12/1/2014,300703,190217,110486,217207,83496,62.6,37.4,88.81,11.19,32.3,2.5,Kurunegala,16.4,Colombo,11.1,Gampaha,9.5,Kandy,7.6,Batticaloa,6.9,7036.326551,82.53112519,3.179002282,4.157,49.454,4012.2,15,26.1,81.8503,11720.59781,131.0786,6.377978897,62.34
1/1/2015,263443,172788,90655,212779,83496,57.98,42.02,88.73,11.27,32.6,2.6,Kurunegala,16.8,Colombo,10.9,Gampaha,9.2,Kandy,7.4,Kalutara,5.1,6999.731475,85.09030105,3.768367831,4.519,51.243,4127.1,15,23.4,84.3448,12227.17148,131.6075,4.205955474,47.76
2/1/2015,263443,172788,90655,212779,83496,57.98,42.02,88.73,11.27,32.6,2.6,Kurunegala,16.8,Colombo,10.9,Gampaha,9.2,Kandy,7.4,Kalutara,5.1,6999.731475,85.09030105,3.768367831,4.519,51.243,4127.1,15,23.4,82.7858,12227.17148,132.7221,4.205955474,58.1
3/1/2015,263443,172788,90655,212779,83496,57.98,42.02,88.73,11.27,32.6,2.6,Kurunegala,16.8,Colombo,10.9,Gampaha,9.2,Kandy,7.4,Kalutara,5.1,6999.731475,85.09030105,3.768367831,4.519,51.243,4127.1,15,23.4,82.474,12227.17148,132.95,4.205955474,55.89
4/1/2015,263443,172788,90655,212779,83496,57.98,42.02,88.73,11.27,32.6,2.6,Kurunegala,16.8,Colombo,10.9,Gampaha,9.2,Kandy,7.4,Kalutara,5.1,6999.731475,85.09030105,3.768367831,4.519,51.243,4127.1,15,23.4,82.5519,12227.17148,132.9227,4.205955474,59.52
5/1/2015,263443,172788,90655,212779,83496,57.98,42.02,88.73,11.27,32.6,2.6,Kurunegala,16.8,Colombo,10.9,Gampaha,9.2,Kandy,7.4,Kalutara,5.1,6999.731475,85.09030105,3.768367831,4.519,51.243,4127.1,15,23.4,82.9417,12227.17148,133.46,4.205955474,64.08
6/1/2015,263443,172788,90655,212779,83496,57.98,42.02,88.73,11.27,32.6,2.6,Kurunegala,16.8,Colombo,10.9,Gampaha,9.2,Kandy,7.4,Kalutara,5.1,6999.731475,85.09030105,3.768367831,4.519,51.243,4127.1,15,23.4,83.6432,12227.17148,133.9382,4.205955474,61.48
7/1/2015,263443,172788,90655,212779,83496,57.98,42.02,88.73,11.27,32.6,2.6,Kurunegala,16.8,Colombo,10.9,Gampaha,9.2,Kandy,7.4,Kalutara,5.1,6999.731475,85.09030105,3.768367831,4.519,51.243,4127.1,15,23.4,83.9551,12227.17148,133.6818,4.205955474,56.56
8/1/2015,263443,172788,90655,212779,83496,57.98,42.02,88.73,11.27,32.6,2.6,Kurunegala,16.8,Colombo,10.9,Gampaha,9.2,Kandy,7.4,Kalutara,5.1,6999.731475,85.09030105,3.768367831,4.519,51.243,4127.1,15,23.4,83.7212,12227.17148,133.8519,4.205955474,46.52
9/1/2015,263443,172788,90655,212779,83496,57.98,42.02,88.73,11.27,32.6,2.6,Kurunegala,16.8,Colombo,10.9,Gampaha,9.2,Kandy,7.4,Kalutara,5.1,6999.731475,85.09030105,3.768367831,4.519,51.243,4127.1,15,23.4,83.6432,12227.17148,139.2329,4.205955474,47.62
10/1/2015,263443,172788,90655,212779,83496,57.98,42.02,88.73,11.27,32.6,2.6,Kurunegala,16.8,Colombo,10.9,Gampaha,9.2,Kandy,7.4,Kalutara,5.1,6999.731475,85.09030105,3.768367831,4.519,51.243,4127.1,15,23.4,83.9551,12227.17148,140.851,4.205955474,48.43
11/1/2015,263443,172788,90655,212779,83496,57.98,42.02,88.73,11.27,32.6,2.6,Kurunegala,16.8,Colombo,10.9,Gampaha,9.2,Kandy,7.4,Kalutara,5.1,6999.731475,85.09030105,3.768367831,4.519,51.243,4127.1,15,23.4,85.1243,12227.17148,141.9637,4.205955474,44.27
12/1/2015,263443,172788,90655,212779,83496,57.98,42.02,88.73,11.27,32.6,2.6,Kurunegala,16.8,Colombo,10.9,Gampaha,9.2,Kandy,7.4,Kalutara,5.1,6999.731475,85.09030105,3.768367831,4.519,51.243,4127.1,15,23.4,85.5921,12227.17148,143.335,4.205955474,38.01
1/1/2016,242816,160306,82510,167234,75582,59.42,40.58,87.24,12.76,32.9,2.6,Kurunegala,17.1,Colombo,10.7,Gampaha,8.9,Kandy,7.2,Anuradhapura,4.8,7261.851525,88.00021117,3.958888466,4.242,51.446,4127.9,15,20.8,85.748,13078.56051,143.5505,5.05362489,30.7
2/1/2016,242816,160306,82510,167234,75582,59.42,40.58,87.24,12.76,32.9,2.6,Kurunegala,17.1,Colombo,10.7,Gampaha,8.9,Kandy,7.2,Anuradhapura,4.8,7261.851525,88.00021117,3.958888466,4.242,51.446,4127.9,15,20.8,85.2023,13078.56051,143.639,5.05362489,32.18
3/1/2016,242816,160306,82510,167234,75582,59.42,40.58,87.24,12.76,32.9,2.6,Kurunegala,17.1,Colombo,10.7,Gampaha,8.9,Kandy,7.2,Anuradhapura,4.8,7261.851525,88.00021117,3.958888466,4.242,51.446,4127.9,15,20.8,84.6566,13078.56051,145.1335,5.05362489,38.21
4/1/2016,242816,160306,82510,167234,75582,59.42,40.58,87.24,12.76,32.9,2.6,Kurunegala,17.1,Colombo,10.7,Gampaha,8.9,Kandy,7.2,Anuradhapura,4.8,7261.851525,88.00021117,3.958888466,4.242,51.446,4127.9,15,20.8,85.3582,13078.56051,145.2019,5.05362489,41.58
5/1/2016,242816,160306,82510,167234,75582,59.42,40.58,87.24,12.76,32.9,2.6,Kurunegala,17.1,Colombo,10.7,Gampaha,8.9,Kandy,7.2,Anuradhapura,4.8,7261.851525,88.00021117,3.958888466,4.242,51.446,4127.9,15,20.8,86.9173,13078.56051,145.9081,5.05362489,46.74
6/1/2016,242816,160306,82510,167234,75582,59.42,40.58,87.24,12.76,32.9,2.6,Kurunegala,17.1,Colombo,10.7,Gampaha,8.9,Kandy,7.2,Anuradhapura,4.8,7261.851525,88.00021117,3.958888466,4.242,51.446,4127.9,15,20.8,88.2425,13078.56051,145.8609,5.05362489,48.25
7/1/2016,242816,160306,82510,167234,75582,59.42,40.58,87.24,12.76,32.9,2.6,Kurunegala,17.1,Colombo,10.7,Gampaha,8.9,Kandy,7.2,Anuradhapura,4.8,7261.851525,88.00021117,3.958888466,4.242,51.446,4127.9,15,20.8,88.7881,13078.56051,145.401,5.05362489,44.95
8/1/2016,242816,160306,82510,167234,75582,59.42,40.58,87.24,12.76,32.9,2.6,Kurunegala,17.1,Colombo,10.7,Gampaha,8.9,Kandy,7.2,Anuradhapura,4.8,7261.851525,88.00021117,3.958888466,4.242,51.446,4127.9,15,20.8,87.385,13078.56051,145.2035,5.05362489,45.84
9/1/2016,242816,160306,82510,167234,75582,59.42,40.58,87.24,12.76,32.9,2.6,Kurunegala,17.1,Colombo,10.7,Gampaha,8.9,Kandy,7.2,Anuradhapura,4.8,7261.851525,88.00021117,3.958888466,4.242,51.446,4127.9,15,20.8,87.1511,13078.56051,145.4581,5.05362489,46.57
10/1/2016,242816,160306,82510,167234,75582,59.42,40.58,87.24,12.76,32.9,2.6,Kurunegala,17.1,Colombo,10.7,Gampaha,8.9,Kandy,7.2,Anuradhapura,4.8,7261.851525,88.00021117,3.958888466,4.242,51.446,4127.9,15,20.8,87.385,13078.56051,146.76,5.05362489,49.52
11/1/2016,242816,160306,82510,167234,75582,59.42,40.58,87.24,12.76,32.9,2.6,Kurunegala,17.1,Colombo,10.7,Gampaha,8.9,Kandy,7.2,Anuradhapura,4.8,7261.851525,88.00021117,3.958888466,4.242,51.446,4127.9,15,20.8,88.5543,13078.56051,147.81,5.05362489,44.73
12/1/2016,242816,160306,82510,167234,75582,59.42,40.58,87.24,12.76,32.9,2.6,Kurunegala,17.1,Colombo,10.7,Gampaha,8.9,Kandy,7.2,Anuradhapura,4.8,7261.851525,88.00021117,3.958888466,4.242,51.446,4127.9,15,20.8,89.4117,13078.56051,148.8152,5.05362489,53.31
1/1/2017,211992,139268,72724,147641,64351,60.99,39.01,86.22,13.78,33.1,2.7,Kurunegala,17.5,Colombo,10.5,Gampaha,8.6,Kandy,7,Anuradhapura,4.6,7190.296015,94.36935029,7.704137679,4.046,51.807,4128.6,15,18.6,90.5031,13610.47231,149.8342,6.460681271,54.58
2/1/2017,211992,139268,72724,147641,64351,60.99,39.01,86.22,13.78,33.1,2.7,Kurunegala,17.5,Colombo,10.5,Gampaha,8.6,Kandy,7,Anuradhapura,4.6,7190.296015,94.36935029,7.704137679,4.046,51.807,4128.6,15,18.6,90.9708,13610.47231,150.8721,6.460681271,54.87
3/1/2017,211992,139268,72724,147641,64351,60.99,39.01,86.22,13.78,33.1,2.7,Kurunegala,17.5,Colombo,10.5,Gampaha,8.6,Kandy,7,Anuradhapura,4.6,7190.296015,94.36935029,7.704137679,4.046,51.807,4128.6,15,18.6,90.8149,13610.47231,151.5048,6.460681271,51.59
4/1/2017,211992,139268,72724,147641,64351,60.99,39.01,86.22,13.78,33.1,2.7,Kurunegala,17.5,Colombo,10.5,Gampaha,8.6,Kandy,7,Anuradhapura,4.6,7190.296015,94.36935029,7.704137679,4.046,51.807,4128.6,15,18.6,91.2826,13610.47231,151.862,6.460681271,52.31
5/1/2017,211992,139268,72724,147641,64351,60.99,39.01,86.22,13.78,33.1,2.7,Kurunegala,17.5,Colombo,10.5,Gampaha,8.6,Kandy,7,Anuradhapura,4.6,7190.296015,94.36935029,7.704137679,4.046,51.807,4128.6,15,18.6,92.1401,13610.47231,152.3909,6.460681271,50.33
6/1/2017,211992,139268,72724,147641,64351,60.99,39.01,86.22,13.78,33.1,2.7,Kurunegala,17.5,Colombo,10.5,Gampaha,8.6,Kandy,7,Anuradhapura,4.6,7190.296015,94.36935029,7.704137679,4.046,51.807,4128.6,15,18.6,93.6212,13610.47231,152.8082,6.460681271,46.37
7/1/2017,211992,139268,72724,147641,64351,60.99,39.01,86.22,13.78,33.1,2.7,Kurunegala,17.5,Colombo,10.5,Gampaha,8.6,Kandy,7,Anuradhapura,4.6,7190.296015,94.36935029,7.704137679,4.046,51.807,4128.6,15,18.6,93.0755,13610.47231,153.5875,6.460681271,48.48
8/1/2017,211992,139268,72724,147641,64351,60.99,39.01,86.22,13.78,33.1,2.7,Kurunegala,17.5,Colombo,10.5,Gampaha,8.6,Kandy,7,Anuradhapura,4.6,7190.296015,94.36935029,7.704137679,4.046,51.807,4128.6,15,18.6,92.6078,13610.47231,153.0978,6.460681271,51.7
9/1/2017,211992,139268,72724,147641,64351,60.99,39.01,86.22,13.78,33.1,2.7,Kurunegala,17.5,Colombo,10.5,Gampaha,8.6,Kandy,7,Anuradhapura,4.6,7190.296015,94.36935029,7.704137679,4.046,51.807,4128.6,15,18.6,93.3094,13610.47231,152.8125,6.460681271,56.15
10/1/2017,211992,139268,72724,147641,64351,60.99,39.01,86.22,13.78,33.1,2.7,Kurunegala,17.5,Colombo,10.5,Gampaha,8.6,Kandy,7,Anuradhapura,4.6,7190.296015,94.36935029,7.704137679,4.046,51.807,4128.6,15,18.6,94.1669,13610.47231,153.4905,6.460681271,57.51
11/1/2017,211992,139268,72724,147641,64351,60.99,39.01,86.22,13.78,33.1,2.7,Kurunegala,17.5,Colombo,10.5,Gampaha,8.6,Kandy,7,Anuradhapura,4.6,7190.296015,94.36935029,7.704137679,4.046,51.807,4128.6,15,18.6,95.2582,13610.47231,153.5925,6.460681271,62.71
12/1/2017,211992,139268,72724,147641,64351,60.99,39.01,86.22,13.78,33.1,2.7,Kurunegala,17.5,Colombo,10.5,Gampaha,8.6,Kandy,7,Anuradhapura,4.6,7190.296015,94.36935029,7.704137679,4.046,51.807,4128.6,15,18.6,95.8039,13610.47231,153.1085,6.460681271,64.37
1/1/2018,211211,129712,81499,143685,132283,65,35,88.86,11.14,32.4,2.7,Kurunegala,17.9,Kandy,9.8,Colombo,9.4,Gampaha,8.1,Ampara,4.5,7043.039552,94.45001598,2.135037737,4.318,49.488,4155.2,15,16.5,95.7259,14178.02254,153.7452,2.310084255,69.08
2/1/2018,211211,129712,81499,143685,132283,65,35,88.86,11.14,32.4,2.7,Kurunegala,17.9,Kandy,9.8,Colombo,9.4,Gampaha,8.1,Ampara,4.5,7043.039552,94.45001598,2.135037737,4.318,49.488,4155.2,15,16.5,95.0243,14178.02254,154.7737,2.310084255,65.32
3/1/2018,211211,129712,81499,143685,132283,65,35,88.86,11.14,32.4,2.7,Kurunegala,17.9,Kandy,9.8,Colombo,9.4,Gampaha,8.1,Ampara,4.5,7043.039552,94.45001598,2.135037737,4.318,49.488,4155.2,15,16.5,94.6346,14178.02254,155.6386,2.310084255,66.02
4/1/2018,211211,129712,81499,143685,132283,65,35,88.86,11.14,32.4,2.7,Kurunegala,17.9,Kandy,9.8,Colombo,9.4,Gampaha,8.1,Ampara,4.5,7043.039552,94.45001598,2.135037737,4.318,49.488,4155.2,15,16.5,94.7125,14178.02254,156.1857,2.310084255,72.11
5/1/2018,211211,129712,81499,143685,132283,65,35,88.86,11.14,32.4,2.7,Kurunegala,17.9,Kandy,9.8,Colombo,9.4,Gampaha,8.1,Ampara,4.5,7043.039552,94.45001598,2.135037737,4.318,49.488,4155.2,15,16.5,95.8039,14178.02254,157.7527,2.310084255,76.98
6/1/2018,211211,129712,81499,143685,132283,65,35,88.86,11.14,32.4,2.7,Kurunegala,17.9,Kandy,9.8,Colombo,9.4,Gampaha,8.1,Ampara,4.5,7043.039552,94.45001598,2.135037737,4.318,49.488,4155.2,15,16.5,97.7527,14178.02254,158.9619,2.310084255,74.41
7/1/2018,211211,129712,81499,143685,132283,65,35,88.86,11.14,32.4,2.7,Kurunegala,17.9,Kandy,9.8,Colombo,9.4,Gampaha,8.1,Ampara,4.5,7043.039552,94.45001598,2.135037737,4.318,49.488,4155.2,15,16.5,98.0645,14178.02254,159.3548,2.310084255,74.25
8/1/2018,211211,129712,81499,143685,132283,65,35,88.86,11.14,32.4,2.7,Kurunegala,17.9,Kandy,9.8,Colombo,9.4,Gampaha,8.1,Ampara,4.5,7043.039552,94.45001598,2.135037737,4.318,49.488,4155.2,15,16.5,98.0645,14178.02254,160.3217,2.310084255,72.53
9/1/2018,211211,129712,81499,143685,132283,65,35,88.86,11.14,32.4,2.7,Kurunegala,17.9,Kandy,9.8,Colombo,9.4,Gampaha,8.1,Ampara,4.5,7043.039552,94.45001598,2.135037737,4.318,49.488,4155.2,15,16.5,97.3629,14178.02254,165.2237,2.310084255,78.89
10/1/2018,211211,129712,81499,143685,132283,65,35,88.86,11.14,32.4,2.7,Kurunegala,17.9,Kandy,9.8,Colombo,9.4,Gampaha,8.1,Ampara,4.5,7043.039552,94.45001598,2.135037737,4.318,49.488,4155.2,15,16.5,97.1291,14178.02254,171.3614,2.310084255,81.03
11/1/2018,211211,129712,81499,143685,132283,65,35,88.86,11.14,32.4,2.7,Kurunegala,17.9,Kandy,9.8,Colombo,9.4,Gampaha,8.1,Ampara,4.5,7043.039552,94.45001598,2.135037737,4.318,49.488,4155.2,15,16.5,98.3763,14178.02254,176.7275,2.310084255,64.75
12/1/2018,211211,129712,81499,143685,132283,65,35,88.86,11.14,32.4,2.7,Kurunegala,17.9,Kandy,9.8,Colombo,9.4,Gampaha,8.1,Ampara,4.5,7043.039552,94.45001598,2.135037737,4.318,49.488,4155.2,15,16.5,98.4543,14178.02254,180.0794,2.310084255,57.36
1/1/2019,203087,122257,80830,138648,125928,64.5,35.5,86.72,13.28,32.2,2.8,Kurunegala,18.2,Kandy,10.1,Colombo,9.1,Gampaha,7.8,Ampara,4.3,6748.702044,88.9987063,3.528393582,4.67,49.809,4275.5,15,11.3,99.3117,14112.9525,181.6025,-0.220483887,59.41
2/1/2019,203087,122257,80830,138648,125928,64.5,35.5,86.72,13.28,32.2,2.8,Kurunegala,18.2,Kandy,10.1,Colombo,9.1,Gampaha,7.8,Ampara,4.3,6748.702044,88.9987063,3.528393582,4.67,49.809,4275.5,15,11.3,98.844,14112.9525,178.3944,-0.220483887,63.96
3/1/2019,203087,122257,80830,138648,125928,64.5,35.5,86.72,13.28,32.2,2.8,Kurunegala,18.2,Kandy,10.1,Colombo,9.1,Gampaha,7.8,Ampara,4.3,6748.702044,88.9987063,3.528393582,4.67,49.809,4275.5,15,11.3,98.6881,14112.9525,178.0952,-0.220483887,66.14
4/1/2019,203087,122257,80830,138648,125928,64.5,35.5,86.72,13.28,32.2,2.8,Kurunegala,18.2,Kandy,10.1,Colombo,9.1,Gampaha,7.8,Ampara,4.3,6748.702044,88.9987063,3.528393582,4.67,49.809,4275.5,15,11.3,98.9999,14112.9525,174.6432,-0.220483887,71.23
5/1/2019,203087,122257,80830,138648,125928,64.5,35.5,86.72,13.28,32.2,2.8,Kurunegala,18.2,Kandy,10.1,Colombo,9.1,Gampaha,7.8,Ampara,4.3,6748.702044,88.9987063,3.528393582,4.67,49.809,4275.5,15,11.3,100.559,14112.9525,176.15,-0.220483887,71.32
6/1/2019,203087,122257,80830,138648,125928,64.5,35.5,86.72,13.28,32.2,2.8,Kurunegala,18.2,Kandy,10.1,Colombo,9.1,Gampaha,7.8,Ampara,4.3,6748.702044,88.9987063,3.528393582,4.67,49.809,4275.5,15,11.3,101.4944,14112.9525,176.4635,-0.220483887,64.22
7/1/2019,203087,122257,80830,138648,125928,64.5,35.5,86.72,13.28,32.2,2.8,Kurunegala,18.2,Kandy,10.1,Colombo,9.1,Gampaha,7.8,Ampara,4.3,6748.702044,88.9987063,3.528393582,4.67,49.809,4275.5,15,11.3,101.3385,14112.9525,175.8832,-0.220483887,63.92
8/1/2019,203087,122257,80830,138648,125928,64.5,35.5,86.72,13.28,32.2,2.8,Kurunegala,18.2,Kandy,10.1,Colombo,9.1,Gampaha,7.8,Ampara,4.3,6748.702044,88.9987063,3.528393582,4.67,49.809,4275.5,15,11.3,101.4165,14112.9525,177.9386,-0.220483887,59.04
9/1/2019,203087,122257,80830,138648,125928,64.5,35.5,86.72,13.28,32.2,2.8,Kurunegala,18.2,Kandy,10.1,Colombo,9.1,Gampaha,7.8,Ampara,4.3,6748.702044,88.9987063,3.528393582,4.67,49.809,4275.5,15,11.3,102.196,14112.9525,180.7975,-0.220483887,62.83
10/1/2019,203087,122257,80830,138648,125928,64.5,35.5,86.72,13.28,32.2,2.8,Kurunegala,18.2,Kandy,10.1,Colombo,9.1,Gampaha,7.8,Ampara,4.3,6748.702044,88.9987063,3.528393582,4.67,49.809,4275.5,15,11.3,102.3519,14112.9525,181.3155,-0.220483887,59.71
11/1/2019,203087,122257,80830,138648,125928,64.5,35.5,86.72,13.28,32.2,2.8,Kurunegala,18.2,Kandy,10.1,Colombo,9.1,Gampaha,7.8,Ampara,4.3,6748.702044,88.9987063,3.528393582,4.67,49.809,4275.5,15,11.3,102.6637,14112.9525,180.3111,-0.220483887,63.21
12/1/2019,203087,122257,80830,138648,125928,64.5,35.5,86.72,13.28,32.2,2.8,Kurunegala,18.2,Kandy,10.1,Colombo,9.1,Gampaha,7.8,Ampara,4.3,6748.702044,88.9987063,3.528393582,4.67,49.809,4275.5,15,11.3,103.2094,14112.9525,181.1976,-0.220483887,67.31
1/1/2020,53711,32500,21211,37600,31433,64.46,35.54,84.8,15.2,31.8,2.8,Kurunegala,18.5,Kandy,10.4,Colombo,8.8,Gampaha,7.5,Batticaloa,4.9,7140.414362,84.33557458,6.153945084,5.364,47.786,4282,10.4583,12.7,104.9243,12940.90433,181.3219,-4.624515037,63.65
2/1/2020,53711,32500,21211,37600,31433,64.46,35.54,84.8,15.2,31.8,2.8,Kurunegala,18.5,Kandy,10.4,Colombo,8.8,Gampaha,7.5,Batticaloa,4.9,7140.414362,84.33557458,6.153945084,5.364,47.786,4282,10.4583,12.7,104.9243,12940.90433,181.5016,-4.624515037,55.66
3/1/2020,53711,32500,21211,37600,31433,64.46,35.54,84.8,15.2,31.8,2.8,Kurunegala,18.5,Kandy,10.4,Colombo,8.8,Gampaha,7.5,Batticaloa,4.9,7140.414362,84.33557458,6.153945084,5.364,47.786,4282,10.4583,12.7,103.9889,12940.90433,184.4095,-4.624515037,32.01
4/1/2020,53711,32500,21211,37600,31433,64.46,35.54,84.8,15.2,31.8,2.8,Kurunegala,18.5,Kandy,10.4,Colombo,8.8,Gampaha,7.5,Batticaloa,4.9,7140.414362,84.33557458,6.153945084,5.364,47.786,4282,10.4583,12.7,104.1448,12940.90433,191.3536,-4.624515037,18.38
5/1/2020,53711,32500,21211,37600,31433,64.46,35.54,84.8,15.2,31.8,2.8,Kurunegala,18.5,Kandy,10.4,Colombo,8.8,Gampaha,7.5,Batticaloa,4.9,7140.414362,84.33557458,6.153945084,5.364,47.786,4282,10.4583,12.7,104.6125,12940.90433,187.5425,-4.624515037,29.38
6/1/2020,53711,32500,21211,37600,31433,64.46,35.54,84.8,15.2,31.8,2.8,Kurunegala,18.5,Kandy,10.4,Colombo,8.8,Gampaha,7.5,Batticaloa,4.9,7140.414362,84.33557458,6.153945084,5.364,47.786,4282,10.4583,12.7,105.47,12940.90433,185.8705,-4.624515037,40.27
7/1/2020,53711,32500,21211,37600,31433,64.46,35.54,84.8,15.2,31.8,2.8,Kurunegala,18.5,Kandy,10.4,Colombo,8.8,Gampaha,7.5,Batticaloa,4.9,7140.414362,84.33557458,6.153945084,5.364,47.786,4282,10.4583,12.7,105.548,12940.90433,185.7377,-4.624515037,43.24
8/1/2020,53711,32500,21211,37600,31433,64.46,35.54,84.8,15.2,31.8,2.8,Kurunegala,18.5,Kandy,10.4,Colombo,8.8,Gampaha,7.5,Batticaloa,4.9,7140.414362,84.33557458,6.153945084,5.364,47.786,4282,10.4583,12.7,105.548,12940.90433,184.8529,-4.624515037,44.74
9/1/2020,53711,32500,21211,37600,31433,64.46,35.54,84.8,15.2,31.8,2.8,Kurunegala,18.5,Kandy,10.4,Colombo,8.8,Gampaha,7.5,Batticaloa,4.9,7140.414362,84.33557458,6.153945084,5.364,47.786,4282,10.4583,12.7,106.2495,12940.90433,184.9519,-4.624515037,40.91
10/1/2020,53711,32500,21211,37600,31433,64.46,35.54,84.8,15.2,31.8,2.8,Kurunegala,18.5,Kandy,10.4,Colombo,8.8,Gampaha,7.5,Batticaloa,4.9,7140.414362,84.33557458,6.153945084,5.364,47.786,4282,10.4583,12.7,106.4054,12940.90433,184.3767,-4.624515037,40.19
11/1/2020,53711,32500,21211,37600,31433,64.46,35.54,84.8,15.2,31.8,2.8,Kurunegala,18.5,Kandy,10.4,Colombo,8.8,Gampaha,7.5,Batticaloa,4.9,7140.414362,84.33557458,6.153945084,5.364,47.786,4282,10.4583,12.7,106.8732,12940.90433,184.8094,-4.624515037,42.69
12/1/2020,53711,32500,21211,37600,31433,64.46,35.54,84.8,15.2,31.8,2.8,Kurunegala,18.5,Kandy,10.4,Colombo,8.8,Gampaha,7.5,Batticaloa,4.9,7140.414362,84.33557458,6.153945084,5.364,47.786,4282,10.4583,12.7,107.5747,12940.90433,186.6329,-4.624515037,49.99
1/1/2021,122264,81110,41154,91019,60560,67.01,32.99,83.36,16.64,31.5,2.9,Kurunegala,18.9,Colombo,9.5,Kandy,9.2,Gampaha,7.2,Batticaloa,5.2,5521.864471,88.55669894,7.014780712,4.981,47.354,7469.5,8.7083,13.1,108.1204,14316.13522,190.7628,4.207476495,54.77
2/1/2021,122264,81110,41154,91019,60560,67.01,32.99,83.36,16.64,31.5,2.9,Kurunegala,18.9,Colombo,9.5,Kandy,9.2,Gampaha,7.2,Batticaloa,5.2,5521.864471,88.55669894,7.014780712,4.981,47.354,7469.5,8.7083,13.1,108.4322,14316.13522,194.2947,4.207476495,62.28
3/1/2021,122264,81110,41154,91019,60560,67.01,32.99,83.36,16.64,31.5,2.9,Kurunegala,18.9,Colombo,9.5,Kandy,9.2,Gampaha,7.2,Batticaloa,5.2,5521.864471,88.55669894,7.014780712,4.981,47.354,7469.5,8.7083,13.1,108.2763,14316.13522,196.8809,4.207476495,65.41
4/1/2021,122264,81110,41154,91019,60560,67.01,32.99,83.36,16.64,31.5,2.9,Kurunegala,18.9,Colombo,9.5,Kandy,9.2,Gampaha,7.2,Batticaloa,5.2,5521.864471,88.55669894,7.014780712,4.981,47.354,7469.5,8.7083,13.1,108.1983,14316.13522,196.6659,4.207476495,64.81
5/1/2021,122264,81110,41154,91019,60560,67.01,32.99,83.36,16.64,31.5,2.9,Kurunegala,18.9,Colombo,9.5,Kandy,9.2,Gampaha,7.2,Batticaloa,5.2,5521.864471,88.55669894,7.014780712,4.981,47.354,7469.5,8.7083,13.1,109.3676,14316.13522,196.777,4.207476495,68.53
6/1/2021,122264,81110,41154,91019,60560,67.01,32.99,83.36,16.64,31.5,2.9,Kurunegala,18.9,Colombo,9.5,Kandy,9.2,Gampaha,7.2,Batticaloa,5.2,5521.864471,88.55669894,7.014780712,4.981,47.354,7469.5,8.7083,13.1,111.0046,14316.13522,197.8595,4.207476495,73.16
7/1/2021,122264,81110,41154,91019,60560,67.01,32.99,83.36,16.64,31.5,2.9,Kurunegala,18.9,Colombo,9.5,Kandy,9.2,Gampaha,7.2,Batticaloa,5.2,5521.864471,88.55669894,7.014780712,4.981,47.354,7469.5,8.7083,13.1,111.5503,14316.13522,198.88,4.207476495,75.17
8/1/2021,122264,81110,41154,91019,60560,67.01,32.99,83.36,16.64,31.5,2.9,Kurunegala,18.9,Colombo,9.5,Kandy,9.2,Gampaha,7.2,Batticaloa,5.2,5521.864471,88.55669894,7.014780712,4.981,47.354,7469.5,8.7083,13.1,111.8621,14316.13522,199.1268,4.207476495,70.75
9/1/2021,122264,81110,41154,91019,60560,67.01,32.99,83.36,16.64,31.5,2.9,Kurunegala,18.9,Colombo,9.5,Kandy,9.2,Gampaha,7.2,Batticaloa,5.2,5521.864471,88.55669894,7.014780712,4.981,47.354,7469.5,8.7083,13.1,112.3298,14316.13522,199.2033,4.207476495,74.49
10/1/2021,122264,81110,41154,91019,60560,67.01,32.99,83.36,16.64,31.5,2.9,Kurunegala,18.9,Colombo,9.5,Kandy,9.2,Gampaha,7.2,Batticaloa,5.2,5521.864471,88.55669894,7.014780712,4.981,47.354,7469.5,8.7083,13.1,114.5125,14316.13522,200.083,4.207476495,83.54
11/1/2021,122264,81110,41154,91019,60560,67.01,32.99,83.36,16.64,31.5,2.9,Kurunegala,18.9,Colombo,9.5,Kandy,9.2,Gampaha,7.2,Batticaloa,5.2,5521.864471,88.55669894,7.014780712,4.981,47.354,7469.5,8.7083,13.1,117.4747,14316.13522,201.214,4.207476495,81.05
12/1/2021,122264,81110,41154,91019,60560,67.01,32.99,83.36,16.64,31.5,2.9,Kurunegala,18.9,Colombo,9.5,Kandy,9.2,Gampaha,7.2,Batticaloa,5.2,5521.864471,88.55669894,7.014780712,4.981,47.354,7469.5,8.7083,13.1,120.5928,14316.13522,201.9533,4.207476495,74.17
1/1/2022,310953,186947,124006,207369,103584,63.64,36.36,71.28,28.72,30.8,3.1,Colombo,18.4,Gampaha,15.2,Kurunegala,14.8,Kandy,8.9,Kalutara,6.1,3819.373807,74.14302026,49.72110211,4.528,47.476,8198.6,15.31,25,124.3,14193.65462,201.842,-7.349193013,86.51
2/1/2022,310953,186947,124006,207369,103584,63.64,36.36,71.28,28.72,30.8,3.1,Colombo,18.4,Gampaha,15.2,Kurunegala,14.8,Kandy,8.9,Kalutara,6.1,3819.373807,74.14302026,49.72110211,4.528,47.476,8198.6,15.31,25,125.8,14193.65462,202.0063,-7.349193013,97.13
3/1/2022,310953,186947,124006,207369,103584,63.64,36.36,71.28,28.72,30.8,3.1,Colombo,18.4,Gampaha,15.2,Kurunegala,14.8,Kandy,8.9,Kalutara,6.1,3819.373807,74.14302026,49.72110211,4.528,47.476,8198.6,15.31,25,129.7,14193.65462,252.6383,-7.349193013,117.25
4/1/2022,310953,186947,124006,207369,103584,63.64,36.36,71.28,28.72,30.8,3.1,Colombo,18.4,Gampaha,15.2,Kurunegala,14.8,Kandy,8.9,Kalutara,6.1,3819.373807,74.14302026,49.72110211,4.528,47.476,8198.6,15.31,25,142.1,14193.65462,320.3267,-7.349193013,104.58
5/1/2022,310953,186947,124006,207369,103584,63.64,36.36,71.28,28.72,30.8,3.1,Colombo,18.4,Gampaha,15.2,Kurunegala,14.8,Kandy,8.9,Kalutara,6.1,3819.373807,74.14302026,49.72110211,4.528,47.476,8198.6,15.31,25,153.6,14193.65462,356.2948,-7.349193013,113.34
6/1/2022,310953,186947,124006,207369,103584,63.64,36.36,71.28,28.72,30.8,3.1,Colombo,18.4,Gampaha,15.2,Kurunegala,14.8,Kandy,8.9,Kalutara,6.1,3819.373807,74.14302026,49.72110211,4.528,47.476,8198.6,15.31,25,171.7,14193.65462,356.619,-7.349193013,122.71
7/1/2022,310953,186947,124006,207369,103584,63.64,36.36,71.28,28.72,30.8,3.1,Colombo,18.4,Gampaha,15.2,Kurunegala,14.8,Kandy,8.9,Kalutara,6.1,3819.373807,74.14302026,49.72110211,4.528,47.476,8198.6,15.31,25,178.9,14193.65462,357.134,-7.349193013,111.93
8/1/2022,310953,186947,124006,207369,103584,63.64,36.36,71.28,28.72,30.8,3.1,Colombo,18.4,Gampaha,15.2,Kurunegala,14.8,Kandy,8.9,Kalutara,6.1,3819.373807,74.14302026,49.72110211,4.528,47.476,8198.6,15.31,25,182.8,14193.65462,356.4891,-7.349193013,100.45
9/1/2022,310953,186947,124006,207369,103584,63.64,36.36,71.28,28.72,30.8,3.1,Colombo,18.4,Gampaha,15.2,Kurunegala,14.8,Kandy,8.9,Kalutara,6.1,3819.373807,74.14302026,49.72110211,4.528,47.476,8198.6,15.31,25,189.3,14193.65462,358.9229,-7.349193013,89.76
10/1/2022,310953,186947,124006,207369,103584,63.64,36.36,71.28,28.72,30.8,3.1,Colombo,18.4,Gampaha,15.2,Kurunegala,14.8,Kandy,8.9,Kalutara,6.1,3819.373807,74.14302026,49.72110211,4.528,47.476,8198.6,15.31,25,188.5,14193.65462,361.8925,-7.349193013,93.33
11/1/2022,310953,186947,124006,207369,103584,63.64,36.36,71.28,28.72,30.8,3.1,Colombo,18.4,Gampaha,15.2,Kurunegala,14.8,Kandy,8.9,Kalutara,6.1,3819.373807,74.14302026,49.72110211,4.528,47.476,8198.6,15.31,25,187.1,14193.65462,362.6885,-7.349193013,91.42
12/1/2022,310953,186947,124006,207369,103584,63.64,36.36,71.28,28.72,30.8,3.1,Colombo,18.4,Gampaha,15.2,Kurunegala,14.8,Kandy,8.9,Kalutara,6.1,3819.373807,74.14302026,49.72110211,4.528,47.476,8198.6,15.31,25,187.6,14193.65462,363.1862,-7.349193013,80.92
1/1/2023,297587,164681,132906,208465,89122,64.89,35.11,76.45,23.55,30.4,3.2,Colombo,19.1,Gampaha,15.8,Kurunegala,13.2,Kandy,8.5,Kalutara,5.9,6022.594533,83.71614258,16.54117423,4.528,45.254,8232.9,20.8858,27.1,188.6,14455.65444,363.945,-2.32984819,82.5
2/1/2023,297587,164681,132906,208465,89122,64.89,35.11,76.45,23.55,30.4,3.2,Colombo,19.1,Gampaha,15.8,Kurunegala,13.2,Kandy,8.5,Kalutara,5.9,6022.594533,83.71614258,16.54117423,4.528,45.254,8232.9,20.8858,27.1,189.5,14455.65444,362.6511,-2.32984819,82.59
3/1/2023,297587,164681,132906,208465,89122,64.89,35.11,76.45,23.55,30.4,3.2,Colombo,19.1,Gampaha,15.8,Kurunegala,13.2,Kandy,8.5,Kalutara,5.9,6022.594533,83.71614258,16.54117423,4.528,45.254,8232.9,20.8858,27.1,195,14455.65444,327.4417,-2.32984819,78.43
4/1/2023,297587,164681,132906,208465,89122,64.89,35.11,76.45,23.55,30.4,3.2,Colombo,19.1,Gampaha,15.8,Kurunegala,13.2,Kandy,8.5,Kalutara,5.9,6022.594533,83.71614258,16.54117423,4.528,45.254,8232.9,20.8858,27.1,192.3,14455.65444,319.249,-2.32984819,84.64
5/1/2023,297587,164681,132906,208465,89122,64.89,35.11,76.45,23.55,30.4,3.2,Colombo,19.1,Gampaha,15.8,Kurunegala,13.2,Kandy,8.5,Kalutara,5.9,6022.594533,83.71614258,16.54117423,4.528,45.254,8232.9,20.8858,27.1,192.3,14455.65444,309.42,-2.32984819,75.47
6/1/2023,297587,164681,132906,208465,89122,64.89,35.11,76.45,23.55,30.4,3.2,Colombo,19.1,Gampaha,15.8,Kurunegala,13.2,Kandy,8.5,Kalutara,5.9,6022.594533,83.71614258,16.54117423,4.528,45.254,8232.9,20.8858,27.1,192.3,14455.65444,301.6281,-2.32984819,74.84
7/1/2023,297587,164681,132906,208465,89122,64.89,35.11,76.45,23.55,30.4,3.2,Colombo,19.1,Gampaha,15.8,Kurunegala,13.2,Kandy,8.5,Kalutara,5.9,6022.594533,83.71614258,16.54117423,4.528,45.254,8232.9,20.8858,27.1,190.2,14455.65444,319.0375,-2.32984819,80.11
8/1/2023,297587,164681,132906,208465,89122,64.89,35.11,76.45,23.55,30.4,3.2,Colombo,19.1,Gampaha,15.8,Kurunegala,13.2,Kandy,8.5,Kalutara,5.9,6022.594533,83.71614258,16.54117423,4.528,45.254,8232.9,20.8858,27.1,190.1,14455.65444,320.4726,-2.32984819,86.15
9/1/2023,297587,164681,132906,208465,89122,64.89,35.11,76.45,23.55,30.4,3.2,Colombo,19.1,Gampaha,15.8,Kurunegala,13.2,Kandy,8.5,Kalutara,5.9,6022.594533,83.71614258,16.54117423,4.528,45.254,8232.9,20.8858,27.1,191.8,14455.65444,322.4535,-2.32984819,93.72
10/1/2023,297587,164681,132906,208465,89122,64.89,35.11,76.45,23.55,30.4,3.2,Colombo,19.1,Gampaha,15.8,Kurunegala,13.2,Kandy,8.5,Kalutara,5.9,6022.594533,83.71614258,16.54117423,4.528,45.254,8232.9,20.8858,27.1,191.4,14455.65444,324.8257,-2.32984819,90.6
11/1/2023,297587,164681,132906,208465,89122,64.89,35.11,76.45,23.55,30.4,3.2,Colombo,19.1,Gampaha,15.8,Kurunegala,13.2,Kandy,8.5,Kalutara,5.9,6022.594533,83.71614258,16.54117423,4.528,45.254,8232.9,20.8858,27.1,193.4,14455.65444,327.8855,-2.32984819,82.94
12/1/2023,297587,164681,132906,208465,89122,64.89,35.11,76.45,23.55,30.4,3.2,Colombo,19.1,Gampaha,15.8,Kurunegala,13.2,Kandy,8.5,Kalutara,5.9,6022.594533,83.71614258,16.54117423,4.528,45.254,8232.9,20.8858,27.1,195.1,14455.65444,326.211,-2.32984819,77.63
1/1/2024,314786,186674,128112,244467,70319,68.53,31.47,90.97,9.03,29.9,3.4,Colombo,20.4,Gampaha,16.1,Kurunegala,12.8,Kandy,8.2,Batticaloa,5.4,6721.617582,98.96318551,-0.429360049,4.239,46.54,8239.7,11.5,24.5,200.7,15632.59248,320.32,5.00871931,80.12
2/1/2024,314786,186674,128112,244467,70319,68.53,31.47,90.97,9.03,29.9,3.4,Colombo,20.4,Gampaha,16.1,Kurunegala,12.8,Kandy,8.2,Batticaloa,5.4,6721.617582,98.96318551,-0.429360049,4.239,46.54,8239.7,11.5,24.5,200.6,15632.59248,311.862,5.00871931,83.48
3/1/2024,314786,186674,128112,244467,70319,68.53,31.47,90.97,9.03,29.9,3.4,Colombo,20.4,Gampaha,16.1,Kurunegala,12.8,Kandy,8.2,Batticaloa,5.4,6721.617582,98.96318551,-0.429360049,4.239,46.54,8239.7,11.5,24.5,196.7,15632.59248,304.8286,5.00871931,85.41
4/1/2024,314786,186674,128112,244467,70319,68.53,31.47,90.97,9.03,29.9,3.4,Colombo,20.4,Gampaha,16.1,Kurunegala,12.8,Kandy,8.2,Batticaloa,5.4,6721.617582,98.96318551,-0.429360049,4.239,46.54,8239.7,11.5,24.5,195.2,15632.59248,298.9677,5.00871931,89.94
5/1/2024,314786,186674,128112,244467,70319,68.53,31.47,90.97,9.03,29.9,3.4,Colombo,20.4,Gampaha,16.1,Kurunegala,12.8,Kandy,8.2,Batticaloa,5.4,6721.617582,98.96318551,-0.429360049,4.239,46.54,8239.7,11.5,24.5,194.1,15632.59248,299.5773,5.00871931,81.75
6/1/2024,314786,186674,128112,244467,70319,68.53,31.47,90.97,9.03,29.9,3.4,Colombo,20.4,Gampaha,16.1,Kurunegala,12.8,Kandy,8.2,Batticaloa,5.4,6721.617582,98.96318551,-0.429360049,4.239,46.54,8239.7,11.5,24.5,195.6,15632.59248,303.8889,5.00871931,82.25
7/1/2024,314786,186674,128112,244467,70319,68.53,31.47,90.97,9.03,29.9,3.4,Colombo,20.4,Gampaha,16.1,Kurunegala,12.8,Kandy,8.2,Batticaloa,5.4,6721.617582,98.96318551,-0.429360049,4.239,46.54,8239.7,11.5,24.5,194.7,15632.59248,303.2373,5.00871931,85.15
8/1/2024,314786,186674,128112,244467,70319,68.53,31.47,90.97,9.03,29.9,3.4,Colombo,20.4,Gampaha,16.1,Kurunegala,12.8,Kandy,8.2,Batticaloa,5.4,6721.617582,98.96318551,-0.429360049,4.239,46.54,8239.7,11.5,24.5,191.1,15632.59248,300.2305,5.00871931,80.36
9/1/2024,314786,186674,128112,244467,70319,68.53,31.47,90.97,9.03,29.9,3.4,Colombo,20.4,Gampaha,16.1,Kurunegala,12.8,Kandy,8.2,Batticaloa,5.4,6721.617582,98.96318551,-0.429360049,4.239,46.54,8239.7,11.5,24.5,190.9,15632.59248,300.8865,5.00871931,74.02
10/1/2024,314786,186674,128112,244467,70319,68.53,31.47,90.97,9.03,29.9,3.4,Colombo,20.4,Gampaha,16.1,Kurunegala,12.8,Kandy,8.2,Batticaloa,5.4,6721.617582,98.96318551,-0.429360049,4.239,46.54,8239.7,11.5,24.5,189.9,15632.59248,293.2764,5.00871931,75.63
11/1/2024,314786,186674,128112,244467,70319,68.53,31.47,90.97,9.03,29.9,3.4,Colombo,20.4,Gampaha,16.1,Kurunegala,12.8,Kandy,8.2,Batticaloa,5.4,6721.617582,98.96318551,-0.429360049,4.239,46.54,8239.7,11.5,24.5,189.4,15632.59248,291.7826,5.00871931,74.35
12/1/2024,314786,186674,128112,244467,70319,68.53,31.47,90.97,9.03,29.9,3.4,Colombo,20.4,Gampaha,16.1,Kurunegala,12.8,Kandy,8.2,Batticaloa,5.4,6721.617582,98.96318551,-0.429360049,4.239,46.54,8239.7,11.5,24.5,191.7,15632.59248,291.5843,5.00871931,73.86
1/1/2025,290000,174000,116000,226231,63809,67.91,32.09,90.03,9.97,29.7,3.5,Colombo,21.2,Gampaha,16.5,Kurunegala,12.4,Kandy,7.9,Batticaloa,5.7,8076.2,106.8,4.4,4.005,46.574,9472.3381,9.2917,22.7,192.6,16335,295.76,2.801271116,79.27
2/1/2025,290000,174000,116000,226231,63809,67.91,32.09,90.03,9.97,29.7,3.5,Colombo,21.2,Gampaha,16.5,Kurunegala,12.4,Kandy,7.9,Batticaloa,5.7,8076.2,106.8,4.4,4.005,46.574,9472.3381,9.2917,22.7,192.2,16335,296.89,2.801271116,75.44
3/1/2025,290000,174000,116000,226231,63809,67.91,32.09,90.03,9.97,29.7,3.5,Colombo,21.2,Gampaha,16.5,Kurunegala,12.4,Kandy,7.9,Batticaloa,5.7,8076.2,106.8,4.4,4.005,46.574,9472.3381,9.2917,22.7,191.6,16335,295.86,2.801271116,72.73
4/1/2025,290000,174000,116000,226231,63809,67.91,32.09,90.03,9.97,29.7,3.5,Colombo,21.2,Gampaha,16.5,Kurunegala,12.4,Kandy,7.9,Batticaloa,5.7,8076.2,106.8,4.4,4.005,46.574,9472.3381,9.2917,22.7,191.2,16335,297.96,2.801271116,68.13
5/1/2025,290000,174000,116000,226231,63809,67.91,32.09,90.03,9.97,29.7,3.5,Colombo,21.2,Gampaha,16.5,Kurunegala,12.4,Kandy,7.9,Batticaloa,5.7,8076.2,106.8,4.4,4.005,46.574,9472.3381,9.2917,22.7,192.8,16335,299.36,2.801271116,64.45
6/1/2025,290000,174000,116000,226231,63809,67.91,32.09,90.03,9.97,29.7,3.5,Colombo,21.2,Gampaha,16.5,Kurunegala,12.4,Kandy,7.9,Batticaloa,5.7,8076.2,106.8,4.4,4.005,46.574,9472.3381,9.2917,22.7,194.5,16335,299.72,2.801271116,71.44
7/1/2025,290000,174000,116000,226231,63809,67.91,32.09,90.03,9.97,29.7,3.5,Colombo,21.2,Gampaha,16.5,Kurunegala,12.4,Kandy,7.9,Batticaloa,5.7,8076.2,106.8,4.4,4.005,46.574,9472.3381,9.2917,22.7,194.1,16335,300.95,2.801271116,71.04
8/1/2025,290000,174000,116000,226231,63809,67.91,32.09,90.03,9.97,29.7,3.5,Colombo,21.2,Gampaha,16.5,Kurunegala,12.4,Kandy,7.9,Batticaloa,5.7,8076.2,106.8,4.4,4.005,46.574,9472.3381,9.2917,22.7,193.3,16335,301.16,2.801271116,67.87
9/1/2025,290000,174000,116000,226231,63809,67.91,32.09,90.03,9.97,29.7,3.5,Colombo,21.2,Gampaha,16.5,Kurunegala,12.4,Kandy,7.9,Batticaloa,5.7,8076.2,106.8,4.4,4.005,46.574,9472.3381,9.2917,22.7,193.7,16335,302.03,2.801271116,67.99
10/1/2025,290000,174000,116000,226231,63809,67.91,32.09,90.03,9.97,29.7,3.5,Colombo,21.2,Gampaha,16.5,Kurunegala,12.4,Kandy,7.9,Batticaloa,5.7,8076.2,106.8,4.4,4.005,46.574,9472.3381,9.2917,22.7,193.8,16335,302.97,2.801271116,64.54
11/1/2025,290000,174000,116000,226231,63809,67.91,32.09,90.03,9.97,29.7,3.5,Colombo,21.2,Gampaha,16.5,Kurunegala,12.4,Kandy,7.9,Batticaloa,5.7,8076.2,106.8,4.4,4.005,46.574,9472.3381,9.2917,22.7,193.4,16335,306.06,2.801271116,63.8
12/1/2025,290000,174000,116000,226231,63809,67.91,32.09,90.03,9.97,29.7,3.5,Colombo,21.2,Gampaha,16.5,Kurunegala,12.4,Kandy,7.9,Batticaloa,5.7,8076.2,106.8,4.4,4.005,46.574,9472.3381,9.2917,22.7,195.8,16335,308.99,2.801271116,62.54
